"Date","Price","Open","High","Low","Vol.","Change %"
"27-08-2025","47.92","47.77","47.94","47.77","38.50K","0.11%"
"26-08-2025","47.86","47.77","47.86","47.77","31.81K","0.10%"
"25-08-2025","47.81","47.81","47.86","47.78","27.48K","-0.04%"
"22-08-2025","47.83","47.70","47.87","47.70","33.08K","0.46%"
"21-08-2025","47.61","47.65","47.65","47.56","17.55K","-0.27%"
"20-08-2025","47.74","47.66","47.76","47.66","28.52K","0.02%"
"19-08-2025","47.73","47.69","47.78","47.68","41.47K","0.15%"
"18-08-2025","47.66","47.70","47.73","47.62","21.00K","0.00%"
"15-08-2025","47.66","47.70","47.72","47.62","12.00K","-0.06%"
"14-08-2025","47.69","47.73","47.79","47.66","22.81K","-0.22%"
"13-08-2025","47.79","47.78","47.82","47.76","20.01K","0.30%"
"12-08-2025","47.65","47.65","47.68","47.54","35.35K","0.02%"
"11-08-2025","47.64","47.65","47.71","47.63","11.40K","0.07%"
"08-08-2025","47.61","47.64","47.65","47.59","34.32K","-0.13%"
"07-08-2025","47.67","47.69","47.75","47.56","18.80K","0.03%"
"06-08-2025","47.66","47.68","47.71","47.64","29.74K","-0.04%"
"05-08-2025","47.68","47.69","47.70","47.64","82.90K","-0.13%"
"04-08-2025","47.74","47.73","47.76","47.67","10.61K","0.15%"
"01-08-2025","47.67","47.55","47.69","47.52","11.74K","0.27%"
"31-07-2025","47.54","47.60","47.64","47.54","9.73K","-0.07%"
"30-07-2025","47.57","47.55","47.64","47.53","19.82K","-0.09%"
"29-07-2025","47.62","47.45","47.70","47.45","28.13K","0.22%"
"28-07-2025","47.51","47.48","47.55","47.42","30.34K","-0.02%"
"25-07-2025","47.52","47.41","47.54","47.41","10.68K","0.23%"
"24-07-2025","47.41","47.36","47.43","47.36","28.01K","-0.14%"
"23-07-2025","47.47","47.44","47.52","47.44","36.62K","-0.03%"
"22-07-2025","47.49","47.47","47.55","47.46","21.06K","0.07%"
"21-07-2025","47.46","47.44","47.60","47.44","22.54K","0.22%"
"18-07-2025","47.35","47.32","47.43","47.32","18.13K","0.16%"
"17-07-2025","47.28","47.24","47.30","47.24","10.90K","-0.06%"
"16-07-2025","47.30","47.24","47.32","47.14","45.61K","0.20%"
"15-07-2025","47.21","47.28","47.29","47.20","37.84K","-0.19%"
"14-07-2025","47.30","47.24","47.30","47.23","14.46K","0.00%"
"11-07-2025","47.30","47.26","47.36","47.26","12.74K","-0.25%"
"10-07-2025","47.42","47.38","47.43","47.32","12.57K","0.02%"
"09-07-2025","47.41","47.25","47.41","47.25","57.74K","0.34%"
"08-07-2025","47.25","47.23","47.26","47.20","17.96K","-0.11%"
"07-07-2025","47.30","47.36","47.36","47.23","33.19K","-0.21%"
"03-07-2025","47.40","47.59","47.59","47.35","22.87K","-0.23%"
"02-07-2025","47.51","47.42","47.51","47.38","23.58K","0.06%"
"01-07-2025","47.48","47.51","47.52","47.41","20.97K","-0.40%"
"30-06-2025","47.67","47.60","47.68","47.52","19.34K","0.36%"
"27-06-2025","47.50","47.48","47.62","47.48","17.82K","-0.12%"
"26-06-2025","47.56","47.45","47.60","47.45","29.13K","0.20%"
"25-06-2025","47.46","47.42","47.47","47.37","25.29K","0.04%"
"24-06-2025","47.44","47.33","47.50","47.26","13.25K","0.26%"
"23-06-2025","47.32","47.31","47.42","47.28","39.61K","0.19%"
"20-06-2025","47.23","47.15","47.29","47.14","25.90K","0.02%"
"18-06-2025","47.22","47.18","47.31","47.11","27.78K","0.11%"
"17-06-2025","47.17","47.10","47.21","47.06","29.02K","0.30%"
"16-06-2025","47.03","47.08","47.17","47.03","14.06K","-0.25%"
"13-06-2025","47.15","47.20","47.20","47.08","9.58K","-0.15%"
"12-06-2025","47.22","47.19","47.25","47.14","26.26K","0.13%"
"11-06-2025","47.16","47.09","47.19","47.08","14.46K","0.31%"
"10-06-2025","47.01","47.02","47.06","46.96","19.48K","0.02%"
"09-06-2025","47.00","46.92","47.05","46.90","35.38K","0.13%"
"06-06-2025","46.94","46.96","46.97","46.90","25.85K","-0.22%"
"05-06-2025","47.04","47.13","47.14","47.03","13.72K","-0.16%"
"04-06-2025","47.12","47.00","47.13","47.00","20.99K","0.45%"
"03-06-2025","46.91","46.97","47.00","46.90","10.30K","0.02%"
"02-06-2025","46.90","46.91","46.96","46.85","19.30K","-0.57%"
"30-05-2025","47.17","47.04","47.17","47.03","36.17K","0.15%"
"29-05-2025","47.10","46.99","47.15","46.99","27.40K","0.43%"
"28-05-2025","46.90","46.96","46.98","46.88","23.72K","-0.26%"
"27-05-2025","47.02","46.94","47.03","46.88","13.77K","0.46%"
"23-05-2025","46.81","46.86","46.88","46.77","14.98K","0.10%"
"22-05-2025","46.76","46.61","46.81","46.61","24.10K","0.24%"
"21-05-2025","46.65","46.78","46.80","46.61","9.43K","-0.51%"
"20-05-2025","46.89","46.88","46.92","46.79","17.15K","-0.04%"
"19-05-2025","46.91","46.71","46.94","46.71","13.46K","-0.02%"
"16-05-2025","46.92","47.03","47.03","46.90","16.21K","0.11%"
"15-05-2025","46.87","46.75","46.88","46.73","13.73K","0.45%"
"14-05-2025","46.66","46.77","46.80","46.62","16.07K","-0.38%"
"13-05-2025","46.84","46.80","46.86","46.78","16.32K","0.06%"
"12-05-2025","46.81","46.80","46.87","46.78","15.70K","-0.13%"
"09-05-2025","46.87","46.92","46.95","46.86","10.03K","0.04%"
"08-05-2025","46.85","46.97","46.99","46.85","12.64K","-0.49%"
"07-05-2025","47.08","46.97","47.09","46.95","16.27K","0.28%"
"06-05-2025","46.95","46.82","46.99","46.78","22.05K","0.24%"
"05-05-2025","46.84","46.86","46.86","46.75","17.36K","-0.11%"
"02-05-2025","46.89","46.92","46.95","46.83","31.69K","-0.21%"
"01-05-2025","46.99","47.15","47.15","46.89","28.14K","-0.58%"
"30-04-2025","47.26","47.20","47.37","47.20","26.72K","-0.11%"
"29-04-2025","47.31","47.19","47.36","47.19","9.93K","0.13%"
"28-04-2025","47.25","47.08","47.27","47.08","12.31K","0.17%"
"25-04-2025","47.17","47.03","47.21","46.98","25.01K","0.40%"
"24-04-2025","46.98","46.89","47.02","46.87","20.83K","0.52%"
"23-04-2025","46.74","46.99","47.03","46.71","35.18K","0.24%"
"22-04-2025","46.63","46.68","46.72","46.60","27.84K","0.13%"
"21-04-2025","46.57","46.69","46.76","46.52","26.73K","-0.47%"
"17-04-2025","46.79","46.87","46.88","46.74","10.28K","-0.26%"
"16-04-2025","46.91","46.72","46.91","46.72","137.36K","0.33%"
"15-04-2025","46.76","46.70","46.82","46.70","8.54K","0.40%"
"14-04-2025","46.57","46.50","46.64","46.50","28.60K","0.22%"
"11-04-2025","46.47","46.37","46.61","46.15","16.76K","-0.02%"
"10-04-2025","46.48","46.73","46.89","46.46","22.85K","-0.92%"
"09-04-2025","46.91","46.33","46.91","46.16","27.98K","0.73%"
"08-04-2025","46.57","46.80","46.92","46.53","23.90K","-0.91%"
"07-04-2025","47.00","47.09","47.14","46.83","49.35K","-0.42%"
"04-04-2025","47.20","47.45","47.49","47.20","23.63K","-0.38%"
"03-04-2025","47.38","47.38","47.49","47.33","31.76K","0.25%"
"02-04-2025","47.26","47.27","47.27","47.14","20.83K","0.11%"
"01-04-2025","47.21","47.21","47.27","47.17","19.84K","-0.32%"
"31-03-2025","47.36","47.32","47.37","47.24","33.69K","0.32%"
"28-03-2025","47.21","47.14","47.21","47.14","12.76K","0.34%"
"27-03-2025","47.05","47.05","47.07","47.01","20.33K","0.00%"
"26-03-2025","47.05","47.11","47.18","47.05","19.14K","-0.25%"
"25-03-2025","47.17","47.10","47.20","47.10","9.53K","0.02%"
"24-03-2025","47.16","47.18","47.23","47.10","22.11K","-0.17%"
"21-03-2025","47.24","47.28","47.32","47.24","11.56K","-0.08%"
"20-03-2025","47.28","47.40","47.40","47.26","24.83K","0.00%"
"19-03-2025","47.28","47.09","47.30","47.09","21.22K","0.30%"
"18-03-2025","47.14","47.04","47.19","47.04","20.43K","0.11%"
"17-03-2025","47.09","47.11","47.19","47.07","24.75K","0.02%"
"14-03-2025","47.08","47.08","47.13","47.08","57.87K","-0.13%"
"13-03-2025","47.14","46.97","47.14","46.95","22.29K","0.21%"
"12-03-2025","47.04","47.07","47.12","47.02","44.12K","-0.15%"
"11-03-2025","47.11","47.27","47.27","47.08","25.59K","-0.23%"
"10-03-2025","47.22","47.28","47.30","47.20","25.49K","0.15%"
"07-03-2025","47.15","47.26","47.27","47.09","14.35K","0.04%"
"06-03-2025","47.13","47.18","47.18","47.09","10.60K","-0.21%"
"05-03-2025","47.23","47.36","47.36","47.22","25.08K","-0.13%"
"04-03-2025","47.29","47.35","47.43","47.27","31.25K","-0.19%"
"03-03-2025","47.38","47.19","47.39","47.18","136.16K","-0.21%"
"28-02-2025","47.48","47.36","47.49","47.32","14.29K","0.44%"
"27-02-2025","47.27","47.29","47.33","47.24","16.38K","-0.17%"
"26-02-2025","47.35","47.26","47.39","47.24","14.61K","0.08%"
"25-02-2025","47.31","47.21","47.32","47.21","10.65K","0.45%"
"24-02-2025","47.10","46.98","47.19","46.86","58.17K","0.26%"
"21-02-2025","46.98","46.94","47.03","46.94","23.42K","0.13%"
"20-02-2025","46.92","46.89","46.94","46.87","21.75K","0.30%"
"19-02-2025","46.78","46.75","46.84","46.75","62.74K","0.00%"
"18-02-2025","46.78","46.68","46.91","46.68","33.55K","-0.32%"
"14-02-2025","46.93","46.98","47.03","46.93","34.69K","0.23%"
"13-02-2025","46.82","46.70","46.87","46.70","25.54K","0.43%"
"12-02-2025","46.62","46.59","46.66","46.51","19.49K","-0.25%"
"11-02-2025","46.74","46.72","46.77","46.72","19.04K","-0.14%"
"10-02-2025","46.80","46.83","46.90","46.80","31.71K","-0.09%"
"07-02-2025","46.84","46.82","46.86","46.79","14.94K","-0.26%"
"06-02-2025","46.96","46.96","47.00","46.90","32.02K","-0.04%"
"05-02-2025","46.98","46.92","46.99","46.85","19.71K","0.58%"
"04-02-2025","46.71","46.63","46.78","46.63","64.38K","0.19%"
"03-02-2025","46.62","46.76","46.85","46.60","67.16K","-0.60%"
"31-01-2025","46.90","46.92","47.02","46.81","40.97K","-0.04%"
"30-01-2025","46.92","46.93","46.99","46.87","17.36K","0.13%"
"29-01-2025","46.86","46.90","46.94","46.75","12.23K","-0.11%"
"28-01-2025","46.91","46.86","47.08","46.80","25.32K","0.05%"
"27-01-2025","46.88","46.84","46.89","46.80","14.09K","0.37%"
"24-01-2025","46.71","46.67","46.75","46.64","17.22K","0.21%"
"23-01-2025","46.61","46.62","46.66","46.55","54.46K","-0.09%"
"22-01-2025","46.65","46.74","46.80","46.65","23.95K","-0.24%"
"21-01-2025","46.76","46.71","46.80","46.68","41.25K","0.17%"
"17-01-2025","46.68","46.69","46.72","46.65","18.21K","0.09%"
"16-01-2025","46.64","46.52","46.69","46.48","14.95K","0.11%"
"15-01-2025","46.59","46.55","46.66","46.51","20.09K","0.60%"
"14-01-2025","46.31","46.27","46.33","46.23","18.91K","0.11%"
"13-01-2025","46.26","46.29","46.33","46.22","18.05K","-0.08%"
"10-01-2025","46.29","46.34","46.38","46.27","21.45K","-0.36%"
"08-01-2025","46.46","46.44","46.49","46.40","9.31K","0.06%"
"07-01-2025","46.43","46.55","46.55","46.40","22.16K","-0.26%"
"06-01-2025","46.55","46.59","46.59","46.50","27.28K","-0.09%"
"03-01-2025","46.59","46.65","46.67","46.57","19.83K","-0.06%"
"02-01-2025","46.62","46.71","46.71","46.58","25.43K","0.00%"
"31-12-2024","46.62","46.77","46.77","46.57","17.05K","-0.13%"
"30-12-2024","46.68","46.63","46.74","46.62","42.35K","0.26%"
"27-12-2024","46.56","46.62","46.64","46.54","30.38K","-0.19%"
"26-12-2024","46.65","46.53","46.67","46.50","27.33K","0.02%"
"24-12-2024","46.64","46.47","46.65","46.47","12.78K","0.15%"
"23-12-2024","46.57","46.65","46.65","46.53","50.31K","-0.17%"
"20-12-2024","46.65","46.68","46.77","46.60","21.10K","0.28%"
"19-12-2024","46.52","46.59","46.60","46.49","29.55K","-0.19%"
"18-12-2024","46.61","46.92","47.02","46.60","16.34K","-1.10%"
"17-12-2024","47.13","47.07","47.14","47.07","14.11K","0.06%"
"16-12-2024","47.10","47.12","47.16","47.06","15.61K","0.08%"
"13-12-2024","47.06","47.16","47.17","47.06","8.11K","-0.36%"
"12-12-2024","47.23","47.32","47.40","47.22","19.25K","-0.30%"
"11-12-2024","47.37","47.50","47.50","47.33","14.02K","-0.13%"
"10-12-2024","47.43","47.44","47.49","47.35","15.50K","-0.11%"
"09-12-2024","47.48","47.50","47.51","47.44","29.22K","-0.23%"
"06-12-2024","47.59","47.61","47.61","47.53","12.92K","0.11%"
"05-12-2024","47.54","47.43","47.57","47.41","48.95K","0.13%"
"04-12-2024","47.48","47.26","47.51","47.26","22.55K","0.34%"
"03-12-2024","47.32","47.40","47.46","47.32","42.65K","-0.36%"
"02-12-2024","47.49","47.70","47.70","47.35","19.39K","-0.23%"
"29-11-2024","47.60","47.60","47.63","47.56","9.53K","0.25%"
"27-11-2024","47.48","47.45","47.51","47.38","11.44K","0.34%"
"26-11-2024","47.32","47.35","47.37","47.26","16.64K","-0.11%"
"25-11-2024","47.37","47.33","47.42","47.32","15.38K","0.62%"
"22-11-2024","47.08","47.11","47.12","47.04","17.30K","0.04%"
"21-11-2024","47.06","47.12","47.15","47.02","22.61K","-0.04%"
"20-11-2024","47.08","47.01","47.11","47.01","12.02K","-0.08%"
"19-11-2024","47.12","47.10","47.25","47.09","45.46K","0.15%"
"18-11-2024","47.05","46.95","47.09","46.93","20.28K","0.13%"
"15-11-2024","46.99","46.90","47.05","46.86","19.88K","0.02%"
"14-11-2024","46.98","47.05","47.13","46.97","19.84K","-0.13%"
"13-11-2024","47.04","47.22","47.22","47.02","83.84K","0.11%"
"12-11-2024","46.99","47.20","47.20","46.90","48.64K","-0.55%"
"11-11-2024","47.25","47.25","47.28","47.22","14.14K","-0.21%"
"08-11-2024","47.35","47.32","47.38","47.24","22.17K","0.25%"
"07-11-2024","47.23","47.13","47.30","47.13","50.10K","0.55%"
"06-11-2024","46.97","46.93","47.10","46.88","46.24K","-0.53%"
"05-11-2024","47.22","47.11","47.27","47.04","14.81K","0.15%"
"04-11-2024","47.15","47.21","47.26","47.12","25.90K","0.32%"
"01-11-2024","47.00","47.18","47.18","47.00","21.53K","-0.53%"
"31-10-2024","47.25","47.31","47.35","47.22","13.59K","-0.23%"
"30-10-2024","47.36","47.42","47.51","47.35","13.88K","-0.04%"
"29-10-2024","47.38","47.21","47.38","47.21","18.92K","0.08%"
"28-10-2024","47.34","47.36","47.55","47.30","24.60K","0.00%"
"25-10-2024","47.34","47.53","47.53","47.34","16.81K","-0.17%"
"24-10-2024","47.42","47.41","47.58","47.36","13.10K","0.21%"
"23-10-2024","47.32","47.37","47.38","47.23","19.39K","-0.25%"
"22-10-2024","47.44","47.49","47.49","47.37","18.37K","0.04%"
"21-10-2024","47.42","47.60","47.60","47.42","15.93K","-0.69%"
"18-10-2024","47.75","47.76","47.77","47.73","12.69K","0.15%"
"17-10-2024","47.68","47.76","47.76","47.67","10.33K","-0.46%"
"16-10-2024","47.90","47.97","47.97","47.86","23.89K","0.17%"
"15-10-2024","47.82","47.72","47.85","47.72","21.45K","0.13%"
"14-10-2024","47.76","47.55","47.76","47.55","16.63K","0.15%"
"11-10-2024","47.69","47.61","47.73","47.61","11.91K","0.00%"
"10-10-2024","47.69","47.65","47.72","47.58","29.65K","-0.15%"
"09-10-2024","47.76","47.71","47.78","47.67","34.85K","0.23%"
"08-10-2024","47.65","47.66","47.69","47.59","28.64K","-0.06%"
"07-10-2024","47.68","47.72","47.72","47.63","18.24K","-0.25%"
"04-10-2024","47.80","47.84","47.84","47.76","13.03K","-0.40%"
"03-10-2024","47.99","48.14","48.14","47.99","27.52K","-0.39%"
"02-10-2024","48.18","48.13","48.30","48.10","124.50K","-0.29%"
"01-10-2024","48.32","48.29","48.32","48.22","50.55K","-0.04%"
"30-09-2024","48.34","48.37","48.39","48.28","14.94K","0.00%"
"27-09-2024","48.34","48.31","48.42","48.31","26.04K","0.27%"
"26-09-2024","48.21","48.32","48.32","48.21","7.41K","-0.23%"
"25-09-2024","48.32","48.51","48.51","48.26","93.08K","-0.25%"
"24-09-2024","48.44","48.34","48.44","48.31","10.81K","0.27%"
"23-09-2024","48.31","48.35","48.39","48.28","17.00K","-0.14%"
"20-09-2024","48.38","48.30","48.42","48.26","17.36K","0.00%"
"19-09-2024","48.38","48.41","48.44","48.33","12.12K","-0.02%"
"18-09-2024","48.39","48.50","48.54","48.11","28.37K","-0.02%"
"17-09-2024","48.40","48.49","48.49","48.40","8.16K","-0.25%"
"16-09-2024","48.52","48.42","48.52","48.36","14.02K","0.29%"
"13-09-2024","48.38","48.38","48.41","48.32","5.94K","0.23%"
"12-09-2024","48.27","48.23","48.28","48.19","7.39K","0.06%"
"11-09-2024","48.24","48.23","48.29","48.22","12.80K","-0.06%"
"10-09-2024","48.27","48.17","48.33","48.16","19.18K","0.15%"
"09-09-2024","48.20","48.08","48.21","48.08","19.03K","0.25%"
"06-09-2024","48.08","48.09","48.23","48.04","12.01K","0.00%"
"05-09-2024","48.08","48.01","48.14","47.98","17.34K","0.15%"
"04-09-2024","48.01","47.84","48.01","47.84","13.50K","0.44%"
"03-09-2024","47.80","47.83","47.84","47.67","43.60K","-0.17%"
"30-08-2024","47.88","47.91","47.95","47.83","10.35K","0.04%"
"29-08-2024","47.86","47.94","47.97","47.80","43.51K","-0.27%"
"28-08-2024","47.99","47.98","48.01","47.93","30.31K","0.00%"
"27-08-2024","47.99","47.88","47.99","47.88","11.07K","0.04%"
"26-08-2024","47.97","48.06","48.12","47.90","44.86K","-0.19%"
"23-08-2024","48.06","47.93","48.13","47.93","32.81K","0.42%"
"22-08-2024","47.86","47.93","47.93","47.80","21.47K","-0.22%"
"21-08-2024","47.97","47.94","48.05","47.90","12.10K","0.35%"
"20-08-2024","47.80","47.80","47.87","47.80","12.16K","0.02%"
"19-08-2024","47.79","47.78","47.86","47.52","61.98K","0.02%"
"16-08-2024","47.78","47.71","47.78","47.56","23.50K","0.27%"
"15-08-2024","47.65","47.60","47.66","47.52","19.32K","-0.33%"
"14-08-2024","47.81","47.67","47.82","47.67","11.40K","0.31%"
"13-08-2024","47.66","47.60","47.68","47.57","6.08K","0.27%"
"12-08-2024","47.53","47.44","47.56","47.41","18.02K","0.20%"
"09-08-2024","47.44","47.44","47.47","47.40","8.90K","0.34%"
"08-08-2024","47.28","47.25","47.33","47.24","11.89K","-0.04%"
"07-08-2024","47.30","47.35","47.36","47.23","15.18K","-0.06%"
"06-08-2024","47.33","47.54","47.54","47.33","36.19K","-0.44%"
"05-08-2024","47.54","47.62","47.67","47.52","140.74K","-0.29%"
"02-08-2024","47.68","47.30","47.76","47.30","14.08K","0.89%"
"01-08-2024","47.26","47.30","47.35","47.25","10.32K","-0.15%"
"31-07-2024","47.33","47.26","47.49","47.19","44.39K","0.42%"
"30-07-2024","47.13","47.15","47.18","47.08","14.21K","0.11%"
"29-07-2024","47.08","47.09","47.15","47.07","16.14K","0.04%"
"26-07-2024","47.06","47.07","47.10","47.00","6.10K","0.38%"
"25-07-2024","46.88","46.86","46.98","46.86","20.25K","-0.04%"
"24-07-2024","46.90","46.93","47.00","46.83","12.49K","-0.04%"
"23-07-2024","46.92","46.97","47.01","46.91","13.75K","-0.11%"
"22-07-2024","46.97","47.03","47.03","46.87","24.58K","0.04%"
"19-07-2024","46.95","47.19","47.19","46.92","9.90K","-0.13%"
"18-07-2024","47.01","47.10","47.12","47.01","29.17K","-0.28%"
"17-07-2024","47.14","47.07","47.14","47.03","24.47K","-0.02%"
"16-07-2024","47.15","47.04","47.16","46.98","18.59K","0.38%"
"15-07-2024","46.97","46.98","47.01","46.92","14.57K","-0.15%"
"12-07-2024","47.04","46.99","47.07","46.97","21.08K","0.19%"
"11-07-2024","46.95","46.94","46.99","46.89","22.14K","0.34%"
"10-07-2024","46.79","46.72","46.82","46.72","20.91K","0.13%"
"09-07-2024","46.73","46.74","46.74","46.67","27.30K","-0.15%"
"08-07-2024","46.80","46.76","46.81","46.73","21.28K","0.02%"
"05-07-2024","46.79","46.74","46.80","46.67","12.97K","0.34%"
"03-07-2024","46.63","46.51","46.63","46.51","14.58K","0.41%"
"02-07-2024","46.44","46.48","46.48","46.33","34.99K","0.32%"
"01-07-2024","46.29","46.33","46.36","46.23","25.70K","-0.54%"
"28-06-2024","46.54","46.81","46.82","46.54","7.67K","-0.43%"
"27-06-2024","46.74","46.70","46.75","46.70","19.87K","0.17%"
"26-06-2024","46.66","46.67","46.69","46.63","14.36K","-0.32%"
"25-06-2024","46.81","46.83","46.85","46.77","67.69K","0.06%"
"24-06-2024","46.78","46.80","46.85","46.78","17.15K","-0.02%"
"21-06-2024","46.79","46.79","46.83","46.76","7.64K","0.11%"
"20-06-2024","46.74","46.76","46.84","46.73","33.48K","-0.34%"
"18-06-2024","46.90","46.81","46.95","46.80","40.92K","0.32%"
"17-06-2024","46.75","46.73","46.75","46.67","13.64K","-0.26%"
"14-06-2024","46.87","46.86","46.87","46.82","7.99K","0.17%"
"13-06-2024","46.79","46.79","46.85","46.72","15.03K","0.24%"
"12-06-2024","46.68","46.76","46.89","46.67","26.46K","0.41%"
"11-06-2024","46.49","46.39","46.53","46.37","30.79K","0.13%"
"10-06-2024","46.43","46.34","46.44","46.34","30.83K","0.02%"
"07-06-2024","46.42","46.47","46.60","46.42","15.09K","-0.64%"
"06-06-2024","46.72","46.67","46.72","46.64","17.28K","-0.04%"
"05-06-2024","46.74","46.66","46.74","46.52","24.83K","0.24%"
"04-06-2024","46.63","46.56","46.67","46.51","23.25K","0.39%"
"03-06-2024","46.45","46.32","46.49","46.32","14.56K","-0.02%"
"31-05-2024","46.46","46.44","46.51","46.38","13.63K","0.22%"
"30-05-2024","46.36","46.24","46.36","46.24","20.96K","0.35%"
"29-05-2024","46.20","46.19","46.21","46.14","45.91K","-0.17%"
"28-05-2024","46.28","46.50","46.50","46.28","16.57K","-0.28%"
"24-05-2024","46.41","46.36","46.47","46.36","15.23K","0.04%"
"23-05-2024","46.39","46.54","46.54","46.36","13.62K","-0.26%"
"22-05-2024","46.51","46.42","46.51","46.42","28.71K","-0.11%"
"21-05-2024","46.56","46.54","46.57","46.51","27.47K","0.20%"
"20-05-2024","46.47","46.45","46.51","46.44","17.40K","0.00%"
"17-05-2024","46.47","46.52","46.55","46.47","14.07K","-0.24%"
"16-05-2024","46.58","46.66","46.66","46.54","10.73K","-0.17%"
"15-05-2024","46.66","46.53","46.66","46.53","16.86K","0.54%"
"14-05-2024","46.41","46.36","46.42","46.30","21.45K","0.22%"
"13-05-2024","46.31","46.30","46.33","46.28","13.83K","0.22%"
"10-05-2024","46.21","46.31","46.31","46.21","9.97K","-0.22%"
"09-05-2024","46.31","46.24","46.36","46.24","26.24K","-0.02%"
"08-05-2024","46.32","46.28","46.34","46.27","26.62K","-0.13%"
"07-05-2024","46.38","46.34","46.43","46.34","23.51K","0.09%"
"06-05-2024","46.34","46.24","46.34","46.23","19.25K","0.22%"
"03-05-2024","46.24","46.32","46.32","46.15","21.34K","0.30%"
"02-05-2024","46.10","45.89","46.10","45.87","15.89K","0.50%"
"01-05-2024","45.87","45.82","45.98","45.78","20.73K","-0.11%"
"30-04-2024","45.92","45.93","45.97","45.89","16.13K","-0.30%"
"29-04-2024","46.06","46.06","46.08","45.98","24.55K","0.22%"
"26-04-2024","45.96","45.98","46.01","45.92","16.23K","0.31%"
"25-04-2024","45.82","45.81","45.87","45.73","30.77K","-0.28%"
"24-04-2024","45.95","45.95","45.99","45.87","15.16K","-0.22%"
"23-04-2024","46.05","45.99","46.14","45.99","17.47K","0.07%"
"22-04-2024","46.02","45.92","46.03","45.91","35.03K","0.09%"
"19-04-2024","45.98","45.98","45.99","45.90","36.66K","0.20%"
"18-04-2024","45.89","45.97","45.97","45.80","29.52K","-0.02%"
"17-04-2024","45.90","45.95","45.95","45.78","29.80K","0.15%"
"16-04-2024","45.83","45.84","45.85","45.76","91.60K","-0.26%"
"15-04-2024","45.95","46.03","46.03","45.88","70.50K","-0.52%"
"12-04-2024","46.19","46.34","46.34","46.18","20.52K","0.17%"
"11-04-2024","46.11","46.24","46.24","46.06","23.69K","-0.04%"
"10-04-2024","46.13","46.24","46.29","46.11","27.37K","-0.99%"
"09-04-2024","46.59","46.46","46.59","46.46","44.59K","0.34%"
"08-04-2024","46.43","46.41","46.44","46.36","20.74K","0.00%"
"05-04-2024","46.43","46.44","46.51","46.37","14.11K","-0.28%"
"04-04-2024","46.56","46.60","46.70","46.51","15.16K","0.09%"
"03-04-2024","46.52","46.40","46.53","46.38","12.65K","0.15%"
"02-04-2024","46.45","46.35","46.49","46.32","17.25K","0.15%"
"01-04-2024","46.38","46.59","46.60","46.35","42.96K","-1.09%"
"28-03-2024","46.89","46.92","46.94","46.87","30.29K","-0.11%"
"27-03-2024","46.94","46.78","46.94","46.78","35.34K","0.36%"
"26-03-2024","46.77","46.76","46.82","46.71","16.70K","0.09%"
"25-03-2024","46.73","46.78","46.79","46.72","20.96K","-0.19%"
"22-03-2024","46.82","46.89","46.89","46.73","23.82K","0.17%"
"21-03-2024","46.74","46.79","46.79","46.68","16.10K","0.13%"
"20-03-2024","46.68","46.59","46.73","46.56","32.50K","0.17%"
"19-03-2024","46.60","46.45","46.65","46.45","101.46K","0.17%"
"18-03-2024","46.52","46.52","46.59","46.49","16.62K","0.04%"
"15-03-2024","46.50","46.52","46.54","46.47","16.83K","-0.19%"
"14-03-2024","46.59","46.67","46.67","46.54","9.30K","-0.38%"
"13-03-2024","46.77","46.80","46.82","46.75","9.45K","-0.04%"
"12-03-2024","46.79","46.80","46.83","46.75","13.60K","-0.23%"
"11-03-2024","46.90","46.86","46.94","46.85","30.35K","-0.06%"
"08-03-2024","46.93","46.96","46.99","46.87","15.72K","0.09%"
"07-03-2024","46.89","46.89","46.89","46.80","12.15K","0.17%"
"06-03-2024","46.81","46.82","46.89","46.79","19.37K","0.15%"
"05-03-2024","46.74","46.72","46.76","46.67","28.66K","0.39%"
"04-03-2024","46.56","46.60","46.63","46.51","19.52K","-0.28%"
"01-03-2024","46.69","46.51","46.70","46.41","17.94K","0.09%"
"29-02-2024","46.65","46.75","46.75","46.58","23.31K","0.15%"
"28-02-2024","46.58","46.53","46.63","46.53","17.00K","0.04%"
"27-02-2024","46.56","46.59","46.62","46.50","24.29K","-0.16%"
"26-02-2024","46.63","46.69","46.82","46.56","61.07K","-0.06%"
"23-02-2024","46.66","46.54","46.68","46.39","22.96K","0.27%"
"22-02-2024","46.53","46.55","46.58","46.50","16.18K","0.08%"
"21-02-2024","46.50","46.62","46.62","46.49","10.61K","-0.26%"
"20-02-2024","46.62","46.57","46.66","46.57","19.47K","0.19%"
"16-02-2024","46.53","46.49","46.53","46.44","19.47K","-0.19%"
"15-02-2024","46.62","46.64","46.72","46.58","22.85K","0.21%"
"14-02-2024","46.52","46.40","46.52","46.40","15.73K","0.35%"
"13-02-2024","46.36","46.42","46.48","46.34","7.31K","-0.79%"
"12-02-2024","46.73","46.68","46.78","46.63","35.46K","0.11%"
"09-02-2024","46.68","46.63","46.69","46.62","11.03K","-0.09%"
"08-02-2024","46.72","46.74","46.75","46.68","17.67K","-0.13%"
"07-02-2024","46.78","46.75","46.84","46.75","16.79K","-0.17%"
"06-02-2024","46.86","46.63","46.91","46.63","31.83K","0.47%"
"05-02-2024","46.64","46.66","46.71","46.57","20.11K","-0.58%"
"02-02-2024","46.91","46.88","46.92","46.82","35.56K","-0.57%"
"01-02-2024","47.18","47.10","47.21","47.05","21.84K","0.13%"
"31-01-2024","47.12","47.07","47.18","47.02","38.51K","0.30%"
"30-01-2024","46.98","46.92","46.98","46.82","8.82K","0.13%"
"29-01-2024","46.92","46.86","46.92","46.79","13.90K","0.36%"
"26-01-2024","46.75","46.79","46.81","46.73","11.63K","-0.06%"
"25-01-2024","46.78","46.73","46.85","46.68","51.48K","0.41%"
"24-01-2024","46.59","46.87","46.87","46.50","33.87K","-0.38%"
"23-01-2024","46.77","46.82","46.82","46.72","11.33K","-0.20%"
"22-01-2024","46.86","46.91","46.91","46.84","25.50K","0.03%"
"19-01-2024","46.85","46.72","46.85","46.67","26.21K","0.11%"
"18-01-2024","46.80","46.84","46.86","46.74","30.45K","-0.09%"
"17-01-2024","46.84","46.80","46.84","46.71","24.28K","-0.09%"
"16-01-2024","46.88","47.02","47.06","46.84","25.25K","-0.68%"
"12-01-2024","47.20","47.15","47.25","47.13","21.33K","0.21%"
"11-01-2024","47.10","46.97","47.10","46.86","31.99K","0.34%"
"10-01-2024","46.94","46.99","47.09","46.89","62.63K","0.04%"
"09-01-2024","46.92","46.88","46.95","46.87","36.99K","-0.06%"
"08-01-2024","46.95","46.80","47.01","46.80","24.32K","0.34%"
"05-01-2024","46.79","46.72","46.94","46.71","20.21K","-0.04%"
"04-01-2024","46.81","46.80","46.87","46.80","8.64K","-0.40%"
"03-01-2024","47.00","46.78","47.00","46.78","14.69K","0.00%"
"02-01-2024","47.00","47.03","47.06","46.98","31.67K","-0.49%"
"29-12-2023","47.23","47.31","47.31","47.17","29.65K","-0.04%"
"28-12-2023","47.25","47.30","47.32","47.19","33.85K","-0.23%"
"27-12-2023","47.36","47.18","47.36","47.18","16.31K","0.55%"
"26-12-2023","47.10","47.06","47.13","47.00","29.80K","0.07%"
"22-12-2023","47.06","47.15","47.15","47.05","16.40K","-0.03%"
"21-12-2023","47.08","47.11","47.11","47.00","21.97K","0.06%"
"20-12-2023","47.05","47.03","47.08","46.95","56.02K","0.17%"
"19-12-2023","46.97","46.90","47.01","46.90","20.30K","0.17%"
"18-12-2023","46.89","46.86","46.90","46.79","67.07K","-0.15%"
"15-12-2023","46.96","46.87","46.97","46.87","20.50K","-0.06%"
"14-12-2023","46.99","46.85","47.07","46.85","40.57K","0.31%"
"13-12-2023","46.84","46.38","46.87","46.38","23.26K","1.08%"
"12-12-2023","46.34","46.18","46.36","46.15","23.60K","0.17%"
"11-12-2023","46.26","46.25","46.26","46.13","27.23K","-0.02%"
"08-12-2023","46.27","46.25","46.36","46.18","46.40K","-0.22%"
"07-12-2023","46.37","46.38","46.44","46.33","38.30K","-0.06%"
"06-12-2023","46.40","46.35","46.45","46.30","10.85K","0.24%"
"05-12-2023","46.29","46.10","46.31","46.10","16.84K","0.46%"
"04-12-2023","46.08","46.10","46.12","45.96","16.40K","-0.11%"
"01-12-2023","46.13","45.81","46.15","45.81","15.49K","0.20%"
"30-11-2023","46.04","46.11","46.11","45.93","9.45K","-0.28%"
"29-11-2023","46.17","46.01","46.17","45.99","18.93K","0.65%"
"28-11-2023","45.87","45.67","45.91","45.67","13.67K","0.33%"
"27-11-2023","45.72","45.58","45.76","45.58","12.25K","0.35%"
"24-11-2023","45.56","45.68","45.68","45.54","9.67K","-0.26%"
"22-11-2023","45.68","45.66","45.68","45.56","13.11K","0.20%"
"21-11-2023","45.59","45.57","45.63","45.50","19.89K","0.08%"
"20-11-2023","45.56","45.42","45.58","45.41","18.59K","0.10%"
"17-11-2023","45.51","45.46","45.51","45.42","11.82K","0.15%"
"16-11-2023","45.44","45.42","45.44","45.36","9.69K","0.46%"
"15-11-2023","45.23","45.46","45.46","45.19","46.71K","-0.31%"
"14-11-2023","45.37","45.38","45.42","45.33","30.68K","1.02%"
"13-11-2023","44.91","44.82","44.96","44.77","12.58K","-0.04%"
"10-11-2023","44.93","45.01","45.01","44.87","14.41K","0.56%"
"09-11-2023","44.68","45.06","45.06","44.65","66.70K","-0.87%"
"08-11-2023","45.07","45.03","45.17","45.03","56.32K","0.13%"
"07-11-2023","45.01","45.00","45.07","44.94","11.52K","0.38%"
"06-11-2023","44.84","44.96","44.96","44.83","35.48K","-0.47%"
"03-11-2023","45.05","45.15","45.22","45.02","13.53K","0.40%"
"02-11-2023","44.87","44.87","44.90","44.77","14.13K","0.58%"
"01-11-2023","44.61","44.36","44.62","44.36","9.01K","0.41%"
"31-10-2023","44.43","44.48","44.55","44.43","13.49K","-0.04%"
"30-10-2023","44.45","44.44","44.53","44.43","9.83K","-0.20%"
"27-10-2023","44.54","44.52","44.56","44.47","14.71K","0.07%"
"26-10-2023","44.51","44.43","44.54","44.39","13.00K","0.32%"
"25-10-2023","44.37","44.40","44.43","44.30","14.32K","-0.45%"
"24-10-2023","44.57","44.47","44.58","44.45","41.35K","0.16%"
"23-10-2023","44.50","44.24","44.54","44.21","19.97K","0.47%"
"20-10-2023","44.29","44.24","44.34","44.24","13.13K","0.18%"
"19-10-2023","44.21","44.30","44.31","44.18","18.89K","-0.20%"
"18-10-2023","44.30","44.35","44.40","44.26","21.01K","-0.14%"
"17-10-2023","44.36","44.39","44.45","44.34","18.48K","-0.72%"
"16-10-2023","44.68","44.72","44.73","44.62","12.73K","-0.40%"
"13-10-2023","44.86","44.90","44.94","44.80","12.43K","0.34%"
"12-10-2023","44.71","44.97","44.97","44.69","13.94K","-0.58%"
"11-10-2023","44.97","44.95","44.99","44.92","5.87K","0.26%"
"10-10-2023","44.85","44.83","44.93","44.78","8.70K","-0.11%"
"09-10-2023","44.90","44.68","44.90","44.68","16.50K","0.65%"
"06-10-2023","44.61","44.45","44.76","44.44","54.99K","-0.25%"
"05-10-2023","44.72","44.79","44.79","44.66","25.67K","0.09%"
"04-10-2023","44.68","44.58","44.68","44.51","14.28K","0.42%"
"03-10-2023","44.49","44.62","44.66","44.46","24.14K","-0.67%"
"02-10-2023","44.79","44.84","44.85","44.71","23.20K","-0.75%"
"29-09-2023","45.13","45.20","45.22","45.06","48.95K","0.07%"
"28-09-2023","45.10","44.92","45.11","44.85","12.33K","0.26%"
"27-09-2023","44.99","45.23","45.23","44.95","15.57K","-0.28%"
"26-09-2023","45.11","45.18","45.20","45.08","7.87K","-0.09%"
"25-09-2023","45.15","45.17","45.24","45.15","17.75K","-0.48%"
"22-09-2023","45.37","45.39","45.40","45.28","18.83K","0.29%"
"21-09-2023","45.24","45.24","45.27","45.20","10.95K","-0.33%"
"20-09-2023","45.39","45.58","45.60","45.39","14.13K","-0.23%"
"19-09-2023","45.49","45.52","45.52","45.49","7.51K","-0.08%"
"18-09-2023","45.53","45.49","45.58","45.45","19.39K","0.00%"
"15-09-2023","45.53","45.54","45.57","45.49","15.58K","-0.18%"
"14-09-2023","45.61","45.78","45.78","45.55","19.93K","0.00%"
"13-09-2023","45.61","45.55","45.67","45.55","8.92K","0.09%"
"12-09-2023","45.57","45.54","45.59","45.49","21.19K","-0.04%"
"11-09-2023","45.59","45.66","45.66","45.53","19.80K","-0.04%"
"08-09-2023","45.61","45.70","45.75","45.59","11.24K","-0.09%"
"07-09-2023","45.65","45.50","45.65","45.50","12.45K","0.31%"
"06-09-2023","45.51","45.60","45.60","45.43","11.11K","0.02%"
"05-09-2023","45.50","45.61","45.61","45.50","18.17K","-0.42%"
"01-09-2023","45.69","45.90","45.90","45.66","12.54K","-0.85%"
"31-08-2023","46.08","45.98","46.08","45.90","16.06K","0.22%"
"30-08-2023","45.98","46.04","46.04","45.94","12.05K","-0.11%"
"29-08-2023","46.03","45.68","46.03","45.68","16.44K","0.60%"
"28-08-2023","45.75","45.78","45.78","45.66","10.49K","0.19%"
"25-08-2023","45.67","45.61","45.71","45.58","17.17K","0.01%"
"24-08-2023","45.66","45.72","45.73","45.62","9.59K","-0.31%"
"23-08-2023","45.80","45.55","45.84","45.55","23.42K","0.95%"
"22-08-2023","45.37","45.52","45.52","45.10","72.53K","0.00%"
"21-08-2023","45.37","45.45","45.45","45.32","22.68K","-0.53%"
"18-08-2023","45.61","45.54","45.64","45.53","17.90K","0.51%"
"17-08-2023","45.38","45.52","45.52","45.34","36.52K","-0.18%"
"16-08-2023","45.46","45.61","45.68","45.42","19.64K","-0.44%"
"15-08-2023","45.66","45.73","45.73","45.64","40.05K","-0.15%"
"14-08-2023","45.73","45.80","45.90","45.70","23.83K","-0.26%"
"11-08-2023","45.85","45.85","45.94","45.72","19.52K","-0.24%"
"10-08-2023","45.96","46.19","46.28","45.96","17.09K","-0.43%"
"09-08-2023","46.16","46.22","46.22","46.15","20.75K","-0.04%"
"08-08-2023","46.18","46.23","46.24","46.13","13.42K","0.24%"
"07-08-2023","46.07","46.08","46.12","46.03","15.74K","-0.22%"
"04-08-2023","46.17","45.96","46.18","45.96","8.45K","0.83%"
"03-08-2023","45.79","45.81","45.86","45.78","14.65K","-0.59%"
"02-08-2023","46.06","46.11","46.11","45.92","42.75K","-0.24%"
"01-08-2023","46.17","46.27","46.27","46.12","11.87K","-0.80%"
"31-07-2023","46.54","46.50","46.55","46.45","12.94K","0.24%"
"28-07-2023","46.43","46.38","46.47","46.38","44.34K","0.30%"
"27-07-2023","46.29","46.67","46.67","46.25","22.66K","-0.66%"
"26-07-2023","46.60","46.55","46.70","46.46","27.16K","0.18%"
"25-07-2023","46.51","46.47","46.53","46.46","11.13K","-0.13%"
"24-07-2023","46.57","46.64","46.69","46.54","16.94K","-0.11%"
"21-07-2023","46.62","46.64","46.65","46.57","13.03K","0.15%"
"20-07-2023","46.55","46.62","46.62","46.46","6.80K","-0.40%"
"19-07-2023","46.74","46.68","46.77","46.67","13.89K","0.18%"
"18-07-2023","46.65","46.64","46.68","46.62","10.17K","0.21%"
"17-07-2023","46.55","46.51","46.59","46.47","19.87K","0.04%"
"14-07-2023","46.53","46.66","46.66","46.50","13.83K","-0.45%"
"13-07-2023","46.74","46.62","46.75","46.60","14.26K","0.54%"
"12-07-2023","46.49","46.35","46.49","46.35","27.29K","0.67%"
"11-07-2023","46.18","46.05","46.18","46.05","29.08K","0.29%"
"10-07-2023","46.05","45.93","46.08","45.91","16.07K","0.32%"
"07-07-2023","45.90","45.89","45.97","45.87","7.65K","0.00%"
"06-07-2023","45.90","45.99","45.99","45.81","10.81K","-0.52%"
"05-07-2023","46.14","46.34","46.34","46.12","33.71K","-0.50%"
"03-07-2023","46.37","46.43","46.49","46.37","10.77K","-0.36%"
"30-06-2023","46.54","46.45","46.58","46.44","37.26K","0.27%"
"29-06-2023","46.41","46.40","46.41","46.33","11.50K","-0.56%"
"28-06-2023","46.67","46.57","46.67","46.50","19.65K","0.26%"
"27-06-2023","46.55","46.77","46.77","46.47","11.11K","-0.13%"
"26-06-2023","46.61","46.61","46.63","46.56","53.40K","0.13%"
"23-06-2023","46.55","46.62","46.62","46.48","9.34K","0.22%"
"22-06-2023","46.45","46.55","46.57","46.41","19.76K","-0.41%"
"21-06-2023","46.64","46.52","46.64","46.48","5.98K","0.04%"
"20-06-2023","46.62","46.53","46.66","46.53","13.70K","0.19%"
"16-06-2023","46.53","46.51","46.57","46.46","14.03K","-0.13%"
"15-06-2023","46.59","46.56","46.63","46.51","36.99K","0.39%"
"14-06-2023","46.41","46.44","46.57","46.29","13.24K","0.15%"
"13-06-2023","46.34","46.72","46.72","46.27","12.59K","-0.24%"
"12-06-2023","46.45","46.44","46.49","46.30","33.63K","0.22%"
"09-06-2023","46.35","46.32","46.43","46.32","18.44K","-0.30%"
"08-06-2023","46.49","46.28","46.49","46.28","15.63K","0.61%"
"07-06-2023","46.21","46.47","46.65","46.21","10.25K","-0.65%"
"06-06-2023","46.51","46.46","46.51","46.37","12.13K","0.09%"
"05-06-2023","46.47","46.43","46.57","46.40","13.43K","-0.06%"
"02-06-2023","46.50","46.68","46.68","46.46","21.67K","-0.45%"
"01-06-2023","46.71","46.66","46.72","46.65","6.51K","0.02%"
"31-05-2023","46.70","46.62","46.72","46.55","15.54K","0.32%"
"30-05-2023","46.55","46.43","46.57","46.35","10.43K","0.39%"
"26-05-2023","46.37","46.22","46.37","46.22","23.81K","0.23%"
"25-05-2023","46.26","46.40","46.41","46.24","13.34K","-0.40%"
"24-05-2023","46.45","46.60","46.60","46.36","8.37K","-0.13%"
"23-05-2023","46.51","46.45","46.54","46.41","10.71K","0.13%"
"22-05-2023","46.45","46.50","46.55","46.45","9.64K","-0.11%"
"19-05-2023","46.50","46.56","46.61","46.47","8.29K","-0.24%"
"18-05-2023","46.61","46.60","46.64","46.57","11.05K","-0.34%"
"17-05-2023","46.77","46.86","46.86","46.76","21.27K","-0.13%"
"16-05-2023","46.83","46.84","46.85","46.78","25.79K","-0.27%"
"15-05-2023","46.96","46.96","46.98","46.90","19.27K","-0.24%"
"12-05-2023","47.07","47.26","47.27","47.04","19.17K","-0.34%"
"11-05-2023","47.23","47.35","47.36","47.23","15.60K","0.08%"
"10-05-2023","47.19","46.97","47.19","46.97","18.89K","0.56%"
"09-05-2023","46.93","46.94","46.99","46.91","138.88K","-0.05%"
"08-05-2023","46.95","46.97","47.01","46.89","13.88K","-0.40%"
"05-05-2023","47.14","47.17","47.17","47.06","7.50K","-0.34%"
"04-05-2023","47.30","47.29","47.38","47.18","20.93K","0.11%"
"03-05-2023","47.25","47.24","47.29","47.13","32.94K","0.19%"
"02-05-2023","47.16","46.91","47.16","46.91","10.09K","0.77%"
"01-05-2023","46.80","47.01","47.06","46.77","13.42K","-1.18%"
"28-04-2023","47.36","47.25","47.36","47.24","11.71K","0.64%"
"27-04-2023","47.06","47.15","47.16","47.06","7.49K","-0.47%"
"26-04-2023","47.28","47.19","47.36","47.19","77.83K","-0.04%"
"25-04-2023","47.30","47.20","47.31","47.19","9.42K","0.62%"
"24-04-2023","47.01","46.92","47.07","46.92","10.85K","0.19%"
"21-04-2023","46.92","47.05","47.05","46.79","12.01K","0.09%"
"20-04-2023","46.88","46.91","46.98","46.82","35.17K","0.11%"
"19-04-2023","46.83","46.88","46.89","46.78","16.11K","-0.23%"
"18-04-2023","46.94","47.03","47.03","46.89","11.44K","0.11%"
"17-04-2023","46.89","46.98","46.99","46.84","20.76K","-0.40%"
"14-04-2023","47.08","47.10","47.14","47.00","8.54K","-0.29%"
"13-04-2023","47.22","47.31","47.31","47.19","9.31K","0.04%"
"12-04-2023","47.20","47.33","47.33","47.13","26.05K","0.11%"
"11-04-2023","47.15","47.21","47.21","47.11","9.70K","-0.04%"
"10-04-2023","47.17","47.18","47.18","47.04","14.66K","-0.38%"
"06-04-2023","47.35","47.40","47.46","47.35","11.10K","-0.15%"
"05-04-2023","47.42","47.38","47.49","47.35","21.24K","0.23%"
"04-04-2023","47.31","47.01","47.31","47.01","13.32K","0.42%"
"03-04-2023","47.11","46.92","47.16","46.82","47.28K","0.04%"
"31-03-2023","47.09","46.85","47.12","46.85","19.05K","0.52%"
"30-03-2023","46.85","46.80","46.87","46.76","10.06K","0.07%"
"29-03-2023","46.81","46.65","46.85","46.65","21.03K","0.17%"
"28-03-2023","46.73","46.76","46.77","46.67","14.99K","-0.11%"
"27-03-2023","46.78","46.92","47.08","46.78","25.74K","-1.04%"
"24-03-2023","47.27","47.23","47.30","47.15","14.89K","0.23%"
"23-03-2023","47.16","47.12","47.23","47.02","10.14K","0.19%"
"22-03-2023","47.07","46.71","47.13","46.63","19.99K","0.66%"
"21-03-2023","46.76","46.76","46.86","46.71","9.48K","0.00%"
"20-03-2023","46.76","46.91","46.96","46.76","16.21K","-0.64%"
"17-03-2023","47.06","47.01","47.47","47.00","71.03K","0.62%"
"16-03-2023","46.77","46.98","47.02","46.72","2.94K","-0.30%"
"15-03-2023","46.91","46.79","47.00","46.79","6.36K","0.71%"
"14-03-2023","46.58","46.61","46.73","46.48","14.50K","-0.21%"
"13-03-2023","46.68","46.41","47.03","46.41","42.91K","0.41%"
"10-03-2023","46.49","46.39","46.49","46.39","17.29K","1.07%"
"09-03-2023","46.00","45.94","46.33","45.92","40.84K","0.26%"
"08-03-2023","45.88","46.03","46.03","45.83","10.40K","-0.07%"
"07-03-2023","45.91","46.07","46.08","45.90","8.47K","-0.20%"
"06-03-2023","46.00","46.21","46.21","45.97","35.50K","-0.28%"
"03-03-2023","46.13","46.03","46.35","45.94","18.04K","0.63%"
"02-03-2023","45.84","45.76","45.85","45.73","26.36K","-0.11%"
"01-03-2023","45.89","46.00","46.00","45.85","14.00K","-0.54%"
"28-02-2023","46.14","46.08","46.15","46.06","30.20K","-0.11%"
"27-02-2023","46.19","46.21","46.24","46.17","28.31K","0.04%"
"24-02-2023","46.17","46.08","46.17","46.07","11.43K","-0.41%"
"23-02-2023","46.36","46.30","46.36","46.24","25.24K","0.41%"
"22-02-2023","46.17","46.23","46.29","46.17","9.25K","0.09%"
"21-02-2023","46.13","46.24","46.24","46.11","20.94K","-0.77%"
"17-02-2023","46.49","46.32","46.49","46.31","32.28K","0.25%"
"16-02-2023","46.37","46.43","46.49","46.36","46.57K","-0.36%"
"15-02-2023","46.54","46.63","46.63","46.49","15.50K","-0.27%"
"14-02-2023","46.67","46.65","46.77","46.51","19.51K","-0.19%"
"13-02-2023","46.76","46.66","46.77","46.57","92.11K","0.23%"
"10-02-2023","46.65","46.76","46.76","46.63","20.07K","-0.38%"
"09-02-2023","46.83","47.13","48.07","46.82","77.19K","-0.36%"
"08-02-2023","47.00","46.95","47.01","46.85","15.31K","0.15%"
"07-02-2023","46.93","46.99","46.99","46.91","7.29K","-0.02%"
"06-02-2023","46.94","47.03","47.11","46.94","32.05K","-0.66%"
"03-02-2023","47.25","47.28","47.33","47.22","20.26K","-0.78%"
"02-02-2023","47.62","47.75","47.77","47.60","17.13K","0.06%"
"01-02-2023","47.59","47.33","47.64","47.21","14.14K","0.60%"
"31-01-2023","47.31","47.31","47.42","47.19","85.53K","0.35%"
"30-01-2023","47.15","47.15","47.22","47.10","34.08K","-0.18%"
"27-01-2023","47.23","47.18","47.26","47.18","45.50K","-0.17%"
"26-01-2023","47.31","47.32","47.34","47.18","47.66K","0.00%"
"25-01-2023","47.31","47.29","47.35","47.26","29.97K","0.05%"
"24-01-2023","47.29","47.15","47.30","47.08","49.24K","0.27%"
"23-01-2023","47.16","47.20","47.20","47.12","24.44K","-0.12%"
"20-01-2023","47.22","47.08","47.27","47.08","115.23K","-0.42%"
"19-01-2023","47.42","47.35","47.44","47.35","16.16K","-0.17%"
"18-01-2023","47.50","47.45","47.50","47.42","19.99K","0.74%"
"17-01-2023","47.15","47.08","47.16","47.07","17.16K","-0.02%"
"13-01-2023","47.16","47.18","47.27","47.13","9.21K","-0.25%"
"12-01-2023","47.28","47.03","47.28","46.90","11.56K","0.70%"
"11-01-2023","46.95","46.88","46.95","46.85","19.97K","0.51%"
"10-01-2023","46.71","46.75","46.90","46.63","18.90K","-0.41%"
"09-01-2023","46.90","46.75","47.00","46.75","20.81K","0.34%"
"06-01-2023","46.74","46.37","46.80","46.34","24.96K","0.84%"
"05-01-2023","46.35","46.18","46.35","46.10","10.91K","-0.02%"
"04-01-2023","46.36","46.39","46.39","46.29","9.17K","0.50%"
"03-01-2023","46.13","46.29","46.30","46.10","17.69K","0.35%"
"30-12-2022","45.97","46.00","46.03","45.88","14.97K","-0.28%"
"29-12-2022","46.10","46.02","46.11","46.01","15.51K","0.33%"
"28-12-2022","45.95","46.07","46.13","45.93","45.13K","-0.17%"
"27-12-2022","46.03","46.14","46.20","46.01","24.25K","-0.69%"
"23-12-2022","46.35","46.28","46.36","46.28","22.23K","-0.32%"
"22-12-2022","46.50","46.51","46.51","46.43","14.55K","0.02%"
"21-12-2022","46.49","46.49","46.54","46.40","30.83K","0.30%"
"20-12-2022","46.35","46.39","46.40","46.29","32.06K","-0.52%"
"19-12-2022","46.59","46.70","46.70","46.55","15.80K","-0.47%"
"16-12-2022","46.81","46.66","46.85","46.66","17.13K","-0.21%"
"15-12-2022","46.91","46.94","46.95","46.82","15.46K","-0.30%"
"14-12-2022","47.05","46.98","47.09","46.86","13.96K","0.19%"
"13-12-2022","46.96","47.21","47.29","46.94","17.78K","0.60%"
"12-12-2022","46.68","46.87","46.92","46.65","12.19K","-0.04%"
"09-12-2022","46.70","46.81","46.83","46.70","18.60K","-0.47%"
"08-12-2022","46.92","46.99","47.01","46.89","20.67K","-0.15%"
"07-12-2022","46.99","46.83","47.02","46.83","25.81K","0.75%"
"06-12-2022","46.64","46.65","46.71","46.58","20.94K","0.19%"
"05-12-2022","46.55","46.64","46.75","46.51","13.53K","-0.64%"
"02-12-2022","46.85","46.50","46.87","46.44","27.70K","0.21%"
"01-12-2022","46.75","46.45","46.77","46.43","27.81K","0.88%"
"30-11-2022","46.34","46.08","46.45","45.91","26.38K","0.48%"
"29-11-2022","46.12","46.11","46.16","46.08","88.20K","-0.09%"
"28-11-2022","46.16","46.38","46.45","46.10","38.01K","-0.32%"
"25-11-2022","46.31","46.39","46.39","46.22","8.74K","0.06%"
"23-11-2022","46.28","46.07","46.28","46.07","16.16K","0.50%"
"22-11-2022","46.05","45.90","46.12","45.89","26.47K","0.48%"
"21-11-2022","45.83","45.98","45.98","45.80","18.11K","0.00%"
"18-11-2022","45.83","45.98","45.98","45.80","17.09K","-0.13%"
"17-11-2022","45.89","45.81","45.91","45.76","12.02K","-0.35%"
"16-11-2022","46.05","45.94","46.05","45.91","22.61K","0.44%"
"15-11-2022","45.85","45.70","45.85","45.70","9.55K","0.79%"
"14-11-2022","45.49","45.54","45.56","45.49","10.23K","-0.44%"
"11-11-2022","45.69","45.56","45.70","45.45","14.36K","-0.54%"
"10-11-2022","45.94","45.30","45.94","45.30","46.29K","2.77%"
"09-11-2022","44.70","44.70","44.78","44.62","23.91K","-0.07%"
"08-11-2022","44.73","44.61","44.78","44.61","20.22K","0.31%"
"07-11-2022","44.59","44.69","44.70","44.53","20.79K","-0.22%"
"04-11-2022","44.69","44.61","44.75","44.57","20.76K","0.18%"
"03-11-2022","44.61","44.43","44.63","44.39","9.02K","-0.09%"
"02-11-2022","44.65","44.86","45.05","44.65","32.55K","-0.42%"
"01-11-2022","44.84","45.04","45.04","44.81","11.21K","0.04%"
"31-10-2022","44.82","44.95","44.95","44.76","42.25K","-0.58%"
"28-10-2022","45.08","45.07","45.14","45.04","7.22K","-0.07%"
"27-10-2022","45.11","45.06","45.20","44.96","19.86K","0.36%"
"26-10-2022","44.95","44.87","45.06","44.87","16.38K","0.25%"
"25-10-2022","44.84","44.75","44.95","44.75","19.92K","0.70%"
"24-10-2022","44.53","44.52","44.63","44.39","10.89K","-0.09%"
"21-10-2022","44.57","44.36","44.59","44.36","56.35K","0.34%"
"20-10-2022","44.42","44.60","44.72","44.42","24.24K","-0.52%"
"19-10-2022","44.65","44.78","44.83","44.65","20.27K","-0.84%"
"18-10-2022","45.03","45.04","45.08","44.95","17.45K","0.24%"
"17-10-2022","44.92","45.05","45.14","44.91","18.81K","0.27%"
"14-10-2022","44.80","45.27","45.27","44.78","7.74K","-0.62%"
"13-10-2022","45.08","44.52","45.16","44.52","23.84K","-0.13%"
"12-10-2022","45.14","45.07","45.17","45.05","9.90K","0.11%"
"11-10-2022","45.09","45.19","45.30","45.05","16.18K","-0.07%"
"10-10-2022","45.12","45.24","45.24","45.05","30.27K","-0.40%"
"07-10-2022","45.30","45.41","45.42","45.30","12.87K","-0.64%"
"06-10-2022","45.59","45.74","45.74","45.56","18.42K","-0.31%"
"05-10-2022","45.73","45.73","45.75","45.58","23.11K","-0.63%"
"04-10-2022","46.02","46.07","46.18","46.01","24.58K","0.41%"
"03-10-2022","45.83","45.74","46.07","45.71","11.35K","0.57%"
"30-09-2022","45.57","45.71","45.76","45.56","41.90K","-0.04%"
"29-09-2022","45.59","45.53","45.63","45.41","11.98K","-0.42%"
"28-09-2022","45.78","45.42","45.78","45.42","26.43K","1.31%"
"27-09-2022","45.19","45.54","45.54","45.19","13.21K","-0.77%"
"26-09-2022","45.54","45.85","45.86","45.53","20.08K","-1.13%"
"23-09-2022","46.06","46.05","46.06","45.92","11.99K","-0.15%"
"22-09-2022","46.13","46.22","46.23","46.07","10.77K","-0.73%"
"21-09-2022","46.47","46.56","46.57","46.32","9.63K","0.04%"
"20-09-2022","46.45","46.46","46.53","46.41","9.75K","-0.60%"
"19-09-2022","46.73","46.58","46.74","46.58","10.58K","0.00%"
"16-09-2022","46.73","46.64","46.74","46.64","11.46K","-0.06%"
"15-09-2022","46.76","46.82","46.83","46.74","9.46K","-0.23%"
"14-09-2022","46.87","46.78","46.92","46.77","5.82K","0.17%"
"13-09-2022","46.79","46.76","46.84","46.76","7.25K","-0.64%"
"12-09-2022","47.09","47.25","47.28","47.03","15.79K","-0.08%"
"09-09-2022","47.13","47.19","47.27","47.13","6.57K","-0.02%"
"08-09-2022","47.14","47.16","47.23","47.12","10.33K","-0.19%"
"07-09-2022","47.23","47.06","47.24","47.05","11.15K","0.81%"
"06-09-2022","46.85","46.90","46.97","46.81","14.10K","-0.80%"
"02-09-2022","47.23","47.30","47.42","47.23","22.44K","0.21%"
"01-09-2022","47.13","47.10","47.13","46.93","18.07K","-0.61%"
"31-08-2022","47.42","47.60","47.63","47.39","9.93K","-0.40%"
"30-08-2022","47.61","47.53","47.66","47.48","6.40K","0.00%"
"29-08-2022","47.61","47.63","47.64","47.54","13.27K","-0.79%"
"26-08-2022","47.99","47.92","47.99","47.77","19.16K","0.00%"
"25-08-2022","47.99","47.76","47.99","47.74","35.15K","0.59%"
"24-08-2022","47.71","47.73","47.76","47.66","11.59K","-0.21%"
"23-08-2022","47.81","47.79","47.94","47.74","6.41K","0.15%"
"22-08-2022","47.74","47.79","47.83","47.71","13.18K","-0.44%"
"19-08-2022","47.95","48.00","48.00","47.90","12.70K","-0.58%"
"18-08-2022","48.23","48.26","48.30","48.20","160.95K","0.12%"
"17-08-2022","48.17","48.21","48.27","48.08","7.97K","-0.56%"
"16-08-2022","48.44","48.38","48.49","48.26","16.47K","-0.19%"
"15-08-2022","48.53","48.57","48.59","48.51","11.48K","0.19%"
"12-08-2022","48.44","48.38","48.49","48.31","10.45K","0.35%"
"11-08-2022","48.27","48.69","48.70","48.27","23.03K","-0.49%"
"10-08-2022","48.51","48.49","48.66","48.45","106.80K","0.50%"
"09-08-2022","48.27","48.28","48.32","48.21","20.64K","-0.23%"
"08-08-2022","48.38","48.32","48.47","48.32","22.54K","0.27%"
"05-08-2022","48.25","48.20","48.29","48.09","25.27K","-0.88%"
"04-08-2022","48.68","48.58","48.71","48.53","13.65K","0.29%"
"03-08-2022","48.54","48.31","48.55","48.24","15.00K","0.50%"
"02-08-2022","48.30","48.68","48.73","48.30","20.94K","-0.88%"
"01-08-2022","48.73","48.68","48.78","48.67","30.05K","-0.37%"
"29-07-2022","48.91","48.78","49.11","48.49","107.21K","0.43%"
"28-07-2022","48.70","48.66","48.77","48.65","13.14K","0.54%"
"27-07-2022","48.44","48.28","48.59","48.28","80.92K","0.33%"
"26-07-2022","48.28","48.38","48.45","48.25","72.21K","0.25%"
"25-07-2022","48.16","48.23","48.30","48.13","16.42K","-0.31%"
"22-07-2022","48.31","48.27","48.45","48.25","6.47K","0.65%"
"21-07-2022","48.00","47.70","48.06","47.70","13.77K","0.78%"
"20-07-2022","47.63","47.92","47.92","47.58","19.93K","-0.04%"
"19-07-2022","47.65","47.74","47.77","47.63","6.55K","0.00%"
"18-07-2022","47.65","47.80","47.80","47.65","9.22K","-0.38%"
"15-07-2022","47.83","47.78","47.92","47.71","11.03K","0.45%"
"14-07-2022","47.62","47.53","47.73","47.53","32.30K","-0.35%"
"13-07-2022","47.78","47.42","47.86","47.37","9.51K","0.15%"
"12-07-2022","47.71","47.79","47.86","47.68","10.85K","0.32%"
"11-07-2022","47.56","47.71","47.75","47.56","10.78K","-0.19%"
"08-07-2022","47.65","47.52","47.66","47.42","53.23K","-0.02%"
"07-07-2022","47.66","47.87","47.87","47.60","17.54K","-0.31%"
"06-07-2022","47.81","48.00","48.13","47.81","14.00K","-0.40%"
"05-07-2022","48.00","48.11","48.11","47.94","17.51K","-0.06%"
"01-07-2022","48.03","48.00","48.16","47.86","8.85K","0.57%"
"30-06-2022","47.76","47.54","47.84","47.54","15.53K","0.61%"
"29-06-2022","47.47","47.40","47.48","47.29","10.00K","0.49%"
"28-06-2022","47.24","47.35","47.35","47.15","20.91K","-0.30%"
"27-06-2022","47.38","47.46","47.52","47.28","49.81K","-0.61%"
"24-06-2022","47.67","47.63","47.79","47.59","13.75K","-0.02%"
"23-06-2022","47.68","47.65","47.84","47.63","34.33K","0.51%"
"22-06-2022","47.44","47.50","47.55","47.38","6.52K","0.64%"
"21-06-2022","47.14","47.29","47.37","47.14","42.65K","-0.63%"
"17-06-2022","47.44","47.35","47.53","47.22","34.38K","0.25%"
"16-06-2022","47.32","46.90","47.36","46.82","25.06K","-0.02%"
"15-06-2022","47.33","47.11","47.36","46.92","52.41K","1.24%"
"14-06-2022","46.75","47.16","47.22","46.72","20.47K","-0.70%"
"13-06-2022","47.08","47.21","47.22","46.91","12.05K","-1.30%"
"10-06-2022","47.70","47.86","47.90","47.61","20.75K","-0.83%"
"09-06-2022","48.10","48.26","48.26","48.08","10.04K","-0.33%"
"08-06-2022","48.26","48.32","48.40","48.26","33.42K","-0.23%"
"07-06-2022","48.37","48.29","48.46","48.28","13.84K","0.29%"
"06-06-2022","48.23","48.37","48.37","48.20","7.41K","-0.52%"
"03-06-2022","48.48","48.39","48.63","48.37","28.31K","-0.12%"
"02-06-2022","48.54","48.52","48.56","48.40","23.28K","0.02%"
"01-06-2022","48.53","48.74","48.83","48.38","27.53K","-0.55%"
"31-05-2022","48.80","48.79","48.82","48.59","36.97K","-0.59%"
"27-05-2022","49.09","49.07","49.32","49.02","26.28K","0.31%"
"26-05-2022","48.94","48.96","49.00","48.91","22.10K","-0.02%"
"25-05-2022","48.95","48.86","48.95","48.83","12.76K","0.43%"
"24-05-2022","48.74","48.66","48.74","48.60","13.74K","0.71%"
"23-05-2022","48.40","48.41","48.53","48.33","29.15K","-0.30%"
"20-05-2022","48.54","48.39","48.56","48.39","21.54K","0.60%"
"19-05-2022","48.25","48.36","48.48","48.22","24.92K","0.29%"
"18-05-2022","48.11","47.98","48.13","47.96","35.96K","0.15%"
"17-05-2022","48.04","48.29","48.29","48.04","35.85K","-0.62%"
"16-05-2022","48.34","48.31","48.44","48.31","10.87K","0.15%"
"13-05-2022","48.27","48.46","48.46","48.21","16.82K","-0.39%"
"12-05-2022","48.46","48.42","48.57","48.39","34.57K","0.23%"
"11-05-2022","48.35","48.15","48.43","48.13","5.92K","0.33%"
"10-05-2022","48.19","48.17","48.57","48.17","772.94K","0.50%"
"09-05-2022","47.95","47.84","47.96","47.79","15.07K","0.23%"
"06-05-2022","47.84","47.81","48.03","47.81","27.01K","-0.57%"
"05-05-2022","48.12","48.43","48.43","47.92","13.32K","-0.96%"
"04-05-2022","48.58","48.20","48.58","48.05","13.40K","0.89%"
"03-05-2022","48.15","48.30","48.40","48.11","28.83K","0.21%"
"02-05-2022","48.05","48.16","48.21","47.88","39.86K","-0.87%"
"29-04-2022","48.47","48.62","48.67","48.47","17.10K","-0.70%"
"28-04-2022","48.81","48.80","48.84","48.68","15.10K","-0.12%"
"27-04-2022","48.87","49.04","49.12","48.87","28.04K","-0.22%"
"26-04-2022","48.98","49.18","49.18","48.96","19.16K","-0.06%"
"25-04-2022","49.01","48.90","49.08","48.90","22.05K","0.72%"
"22-04-2022","48.66","48.51","48.71","48.51","12.31K","-0.08%"
"21-04-2022","48.70","48.87","49.01","48.62","10.38K","-0.63%"
"20-04-2022","49.01","49.13","49.13","48.96","27.73K","0.64%"
"19-04-2022","48.70","48.87","48.93","48.70","16.62K","-0.78%"
"18-04-2022","49.08","49.21","49.23","48.99","34.09K","-0.34%"
"14-04-2022","49.25","49.49","49.55","49.21","13.64K","-0.69%"
"13-04-2022","49.59","49.49","49.70","49.49","26.61K","0.30%"
"12-04-2022","49.44","49.59","49.60","49.44","13.60K","0.39%"
"11-04-2022","49.25","49.29","49.38","49.22","13.63K","-0.56%"
"08-04-2022","49.53","49.53","49.68","49.50","17.44K","-0.52%"
"07-04-2022","49.79","49.90","49.91","49.55","95.68K","0.00%"
"06-04-2022","49.79","49.74","49.86","49.57","17.39K","-0.32%"
"05-04-2022","49.95","50.33","50.33","49.92","24.09K","-1.01%"
"04-04-2022","50.46","50.40","50.46","50.28","14.84K","0.16%"
"01-04-2022","50.38","50.19","50.42","50.04","17.05K","-0.42%"
"31-03-2022","50.59","50.41","50.67","50.41","24.21K","0.32%"
"30-03-2022","50.43","50.30","50.49","50.25","22.52K","0.36%"
"29-03-2022","50.25","50.14","50.33","50.14","46.29K","0.44%"
"28-03-2022","50.03","50.03","50.20","49.95","33.93K","0.26%"
"25-03-2022","49.90","50.14","50.14","49.84","18.33K","-0.71%"
"24-03-2022","50.26","49.99","50.26","49.99","43.40K","-0.08%"
"23-03-2022","50.30","50.19","50.32","50.12","10.34K","0.40%"
"22-03-2022","50.10","50.06","50.20","50.02","31.06K","-0.38%"
"21-03-2022","50.29","50.60","50.60","50.27","20.26K","-1.10%"
"18-03-2022","50.85","50.72","50.87","50.68","38.55K","0.36%"
"17-03-2022","50.67","50.57","50.83","50.52","43.55K","0.33%"
"16-03-2022","50.50","50.39","50.52","50.12","30.20K","0.28%"
"15-03-2022","50.36","50.29","50.48","50.25","18.04K","0.10%"
"14-03-2022","50.31","50.63","50.63","50.24","21.41K","-0.96%"
"11-03-2022","50.80","50.85","50.86","50.75","13.60K","-0.08%"
"10-03-2022","50.84","50.96","50.96","50.47","147.95K","-0.57%"
"09-03-2022","51.13","51.02","51.26","51.02","35.53K","-0.06%"
"08-03-2022","51.16","51.15","51.18","50.98","29.79K","-0.48%"
"07-03-2022","51.41","51.57","51.64","51.33","17.29K","-0.52%"
"04-03-2022","51.68","51.75","51.86","51.64","18.08K","0.37%"
"03-03-2022","51.49","51.46","51.59","51.45","17.77K","-0.79%"
"02-03-2022","51.90","52.24","52.35","51.90","20.88K","-1.24%"
"01-03-2022","52.55","52.50","52.80","52.29","21.70K","0.83%"
"28-02-2022","52.12","51.95","52.19","51.73","24.03K","0.71%"
"25-02-2022","51.75","51.85","51.85","51.71","12.23K","-0.29%"
"24-02-2022","51.90","51.95","51.97","51.84","19.76K","0.27%"
"23-02-2022","51.76","51.70","51.81","51.68","10.09K","-0.19%"
"22-02-2022","51.86","51.73","51.86","51.69","19.29K","-0.50%"
"18-02-2022","52.12","52.07","52.12","51.97","12.16K","0.25%"
"17-02-2022","51.99","51.84","52.01","51.84","19.08K","0.24%"
"16-02-2022","51.87","51.85","51.90","51.81","13.39K","0.48%"
"15-02-2022","51.62","51.68","51.68","51.62","7.99K","-0.43%"
"14-02-2022","51.84","52.04","52.04","51.76","21.87K","-0.60%"
"11-02-2022","52.16","52.00","52.22","51.83","66.79K","0.68%"
"10-02-2022","51.81","52.12","52.13","51.81","34.52K","-0.88%"
"09-02-2022","52.27","52.23","52.35","52.20","23.27K","0.15%"
"08-02-2022","52.19","52.15","52.19","52.08","16.43K","-0.23%"
"07-02-2022","52.31","52.10","52.32","52.10","33.25K","-0.30%"
"04-02-2022","52.47","52.52","52.56","52.38","11.43K","-0.59%"
"03-02-2022","52.78","52.85","52.94","52.72","12.97K","-0.85%"
"02-02-2022","53.23","53.24","53.28","53.17","27.29K","-0.06%"
"01-02-2022","53.26","53.31","53.31","53.17","14.16K","-0.02%"
"31-01-2022","53.27","53.41","53.41","53.24","15.96K","-0.43%"
"28-01-2022","53.50","53.36","53.51","53.36","9.82K","-0.12%"
"27-01-2022","53.56","53.40","53.58","53.40","10.75K","0.33%"
"26-01-2022","53.38","53.54","53.57","53.38","10.99K","-0.33%"
"25-01-2022","53.56","53.75","53.75","53.56","19.89K","-0.35%"
"24-01-2022","53.75","53.61","53.80","53.61","26.57K","0.11%"
"21-01-2022","53.69","53.72","53.77","53.67","14.53K","0.23%"
"20-01-2022","53.57","53.57","53.62","53.53","14.47K","0.27%"
"19-01-2022","53.42","53.43","53.56","53.37","37.41K","0.07%"
"18-01-2022","53.38","53.48","53.52","53.33","18.28K","-0.59%"
"14-01-2022","53.69","53.82","53.82","53.65","23.10K","-0.50%"
"13-01-2022","53.97","53.85","53.98","53.85","26.84K","0.29%"
"12-01-2022","53.81","53.80","53.83","53.77","35.83K","0.21%"
"11-01-2022","53.70","53.75","53.75","53.62","6.96K","-0.08%"
"10-01-2022","53.74","53.77","53.77","53.63","16.10K","-0.07%"
"07-01-2022","53.78","53.85","53.85","53.71","11.32K","-0.17%"
"06-01-2022","53.87","53.92","53.92","53.80","23.22K","-0.02%"
"05-01-2022","53.88","54.03","54.03","53.84","21.99K","-0.30%"
"04-01-2022","54.04","54.12","54.12","53.97","42.98K","0.20%"
"03-01-2022","53.93","53.98","54.12","53.93","71.53K","-0.61%"
"31-12-2021","54.26","54.29","54.34","54.25","20.50K","0.00%"
"30-12-2021","54.26","54.12","54.28","54.12","27.77K","0.12%"
"29-12-2021","54.20","54.37","54.37","54.10","116.84K","-0.52%"
"28-12-2021","54.48","54.80","54.80","54.46","17.70K","-0.05%"
"27-12-2021","54.51","54.44","54.52","54.44","22.47K","0.00%"
"23-12-2021","54.51","54.53","54.54","54.43","21.09K","-0.38%"
"22-12-2021","54.72","54.66","54.80","54.60","152.49K","-0.22%"
"21-12-2021","54.84","54.97","54.97","54.63","33.47K","-0.21%"
"20-12-2021","54.96","55.19","55.19","54.94","14.33K","-0.21%"
"17-12-2021","55.07","55.10","55.11","55.04","28.01K","0.32%"
"16-12-2021","54.90","55.12","55.12","54.85","14.73K","-0.95%"
"15-12-2021","55.42","55.35","55.42","55.33","17.04K","-0.09%"
"14-12-2021","55.47","55.46","55.47","55.42","10.33K","-0.09%"
"13-12-2021","55.52","55.43","55.52","55.42","17.42K","0.31%"
"10-12-2021","55.35","55.43","55.43","55.33","21.88K","0.00%"
"09-12-2021","55.35","55.26","55.43","55.26","88.98K","0.27%"
"08-12-2021","55.20","55.43","55.43","55.12","33.54K","-0.18%"
"07-12-2021","55.30","55.44","55.51","55.30","29.30K","-0.22%"
"06-12-2021","55.42","55.47","55.50","55.40","11.20K","0.02%"
"03-12-2021","55.41","55.17","55.43","55.17","24.77K","0.11%"
"02-12-2021","55.35","55.40","55.41","55.28","19.60K","0.14%"
"01-12-2021","55.27","55.14","55.31","55.07","44.24K","0.24%"
"30-11-2021","55.14","55.21","55.23","55.01","37.27K","0.25%"
"29-11-2021","55.00","54.99","55.00","54.88","14.72K","-0.06%"
"26-11-2021","55.03","54.91","55.05","54.91","8.24K","0.72%"
"24-11-2021","54.64","54.49","54.64","54.48","11.24K","-0.04%"
"23-11-2021","54.66","54.75","54.78","54.65","22.38K","-0.53%"
"22-11-2021","54.95","55.10","55.12","54.93","33.12K","-0.56%"
"19-11-2021","55.26","55.22","55.27","55.21","14.79K","0.39%"
"18-11-2021","55.04","54.94","55.10","54.94","36.80K","0.30%"
"17-11-2021","54.88","54.86","54.88","54.74","48.15K","0.18%"
"16-11-2021","54.78","54.78","54.85","54.76","60.22K","-0.07%"
"15-11-2021","54.82","55.03","55.03","54.82","23.30K","-0.36%"
"12-11-2021","55.02","55.02","55.06","54.97","14.27K","0.13%"
"11-11-2021","54.95","54.99","54.99","54.94","25.60K","-0.11%"
"10-11-2021","55.01","55.25","55.29","54.99","46.07K","-0.63%"
"09-11-2021","55.36","55.12","55.39","55.12","18.12K","0.44%"
"08-11-2021","55.12","55.22","55.22","55.09","29.16K","-0.40%"
"05-11-2021","55.34","55.23","55.35","55.14","15.37K","0.58%"
"04-11-2021","55.02","54.92","55.04","54.85","28.41K","0.40%"
"03-11-2021","54.80","54.91","54.91","54.70","29.49K","-0.15%"
"02-11-2021","54.88","54.83","54.94","54.75","17.52K","0.50%"
"01-11-2021","54.61","54.55","54.68","54.45","23.12K","-0.11%"
"29-10-2021","54.67","54.53","54.75","54.44","36.40K","-0.29%"
"28-10-2021","54.83","54.83","54.90","54.72","42.59K","-0.18%"
"27-10-2021","54.93","54.76","54.96","54.76","28.17K","0.48%"
"26-10-2021","54.67","54.56","54.85","54.56","29.52K","0.10%"
"25-10-2021","54.62","54.56","54.66","54.56","18.32K","-0.03%"
"22-10-2021","54.63","54.58","54.66","54.56","23.64K","0.37%"
"21-10-2021","54.43","54.54","54.54","54.40","12.22K","-0.17%"
"20-10-2021","54.52","54.43","54.57","54.43","21.42K","0.00%"
"19-10-2021","54.52","54.56","54.57","54.50","19.73K","-0.27%"
"18-10-2021","54.67","54.61","54.68","54.61","20.78K","-0.16%"
"15-10-2021","54.76","54.81","54.81","54.74","18.87K","-0.13%"
"14-10-2021","54.83","54.74","54.87","54.74","21.74K","0.40%"
"13-10-2021","54.61","54.69","54.69","54.58","17.95K","0.26%"
"12-10-2021","54.47","54.58","54.58","54.43","10.44K","0.04%"
"11-10-2021","54.45","54.47","54.49","54.44","7.06K","-0.26%"
"08-10-2021","54.59","54.67","54.67","54.57","24.06K","-0.20%"
"07-10-2021","54.70","54.76","54.78","54.69","15.94K","-0.11%"
"06-10-2021","54.76","54.76","54.81","54.72","57.94K","-0.05%"
"05-10-2021","54.78","54.88","54.88","54.72","20.96K","-0.28%"
"04-10-2021","54.94","54.93","54.94","54.87","10.90K","-0.04%"
"01-10-2021","54.96","55.17","55.17","54.95","74.16K","0.16%"
"30-09-2021","54.87","55.00","55.00","54.79","14.94K","0.00%"
"29-09-2021","54.87","54.95","54.99","54.86","13.92K","0.04%"
"28-09-2021","54.85","54.87","54.91","54.79","27.49K","-0.27%"
"27-09-2021","55.00","54.96","55.00","54.94","19.58K","-0.02%"
"24-09-2021","55.01","55.04","55.04","54.99","7.30K","-0.22%"
"23-09-2021","55.13","55.30","55.30","55.11","12.10K","-0.49%"
"22-09-2021","55.40","55.40","55.49","55.36","13.88K","0.02%"
"21-09-2021","55.39","55.55","55.55","55.36","13.72K","0.02%"
"20-09-2021","55.38","55.31","55.38","55.31","43.23K","0.27%"
"17-09-2021","55.23","55.23","55.24","55.18","19.18K","-0.09%"
"16-09-2021","55.28","55.34","55.34","55.24","19.73K","-0.24%"
"15-09-2021","55.41","55.57","55.57","55.35","13.36K","-0.14%"
"14-09-2021","55.49","55.43","55.50","55.43","7.21K","0.14%"
"13-09-2021","55.41","55.40","55.43","55.39","17.55K","0.00%"
"10-09-2021","55.41","55.48","55.48","55.38","19.40K","-0.25%"
"09-09-2021","55.55","55.46","55.56","55.41","11.87K","0.37%"
"08-09-2021","55.34","55.35","55.36","55.32","11.58K","0.15%"
"07-09-2021","55.26","55.32","55.32","55.24","26.73K","-0.35%"
"03-09-2021","55.45","55.42","55.47","55.42","14.80K","-0.21%"
"02-09-2021","55.57","55.59","55.59","55.54","18.20K","0.00%"
"01-09-2021","55.57","55.55","55.57","55.47","70.52K","0.05%"
"31-08-2021","55.54","55.72","55.72","55.52","19.98K","-0.41%"
"30-08-2021","55.77","55.81","55.86","55.66","17.01K","0.22%"
"27-08-2021","55.65","55.66","55.76","55.50","18.59K","0.11%"
"26-08-2021","55.59","55.63","55.63","55.54","17.65K","-0.07%"
"25-08-2021","55.63","55.76","55.76","55.60","21.60K","-0.39%"
"24-08-2021","55.85","56.07","56.07","55.83","45.20K","-0.09%"
"23-08-2021","55.90","55.95","55.95","55.86","31.23K","-0.08%"
"20-08-2021","55.95","56.00","56.00","55.88","48.52K","0.03%"
"19-08-2021","55.93","55.91","55.97","55.86","9.20K","0.14%"
"18-08-2021","55.85","55.85","55.90","55.78","20.31K","0.09%"
"17-08-2021","55.80","55.79","55.83","55.78","13.50K","-0.13%"
"16-08-2021","55.87","55.93","55.93","55.85","18.75K","0.09%"
"13-08-2021","55.82","55.77","55.84","55.77","8.41K","0.07%"
"12-08-2021","55.78","55.86","55.86","55.73","11.52K","0.00%"
"11-08-2021","55.78","55.72","55.78","55.70","21.73K","-0.02%"
"10-08-2021","55.79","55.76","55.85","55.76","12.67K","0.04%"
"09-08-2021","55.77","55.91","55.91","55.74","30.27K","0.02%"
"06-08-2021","55.76","55.85","55.85","55.75","8.88K","-0.48%"
"05-08-2021","56.03","56.18","56.18","55.98","40.09K","0.08%"
"04-08-2021","55.99","56.00","56.00","55.88","9.01K","0.06%"
"03-08-2021","55.95","55.95","55.99","55.92","10.09K","0.11%"
"02-08-2021","55.89","55.88","55.90","55.81","10.42K","0.24%"
"30-07-2021","55.76","55.76","55.79","55.72","22.04K","0.03%"
"29-07-2021","55.74","55.66","55.74","55.66","8.24K","-0.02%"
"28-07-2021","55.75","55.69","55.75","55.65","11.56K","0.05%"
"27-07-2021","55.72","55.69","55.72","55.68","5.47K","0.14%"
"26-07-2021","55.64","55.78","55.78","55.61","15.72K","0.00%"
"23-07-2021","55.64","55.63","55.66","55.60","9.05K","-0.02%"
"22-07-2021","55.65","55.58","55.65","55.55","8.95K","0.27%"
"21-07-2021","55.50","55.51","55.52","55.41","16.45K","-0.06%"
"20-07-2021","55.53","55.68","55.68","55.52","8.01K","0.00%"
"19-07-2021","55.53","55.41","55.56","55.41","20.23K","0.23%"
"16-07-2021","55.41","55.44","55.44","55.34","27.47K","0.07%"
"15-07-2021","55.37","55.39","55.39","55.23","14.69K","0.27%"
"14-07-2021","55.22","55.27","55.27","55.11","31.12K","0.34%"
"13-07-2021","55.03","55.12","55.18","55.00","7.08K","-0.17%"
"12-07-2021","55.13","55.18","55.21","55.09","43.53K","0.10%"
"09-07-2021","55.07","55.13","55.13","55.02","14.08K","-0.26%"
"08-07-2021","55.22","55.32","55.32","55.19","60.97K","0.06%"
"07-07-2021","55.18","55.19","55.22","55.17","9.56K","0.24%"
"06-07-2021","55.05","54.94","55.08","54.94","16.61K","0.25%"
"02-07-2021","54.91","54.84","54.93","54.84","13.62K","0.29%"
"01-07-2021","54.75","54.71","54.81","54.71","11.82K","0.02%"
"30-06-2021","54.74","54.62","54.77","54.62","15.59K","0.16%"
"29-06-2021","54.65","54.71","54.71","54.59","29.80K","0.03%"
"28-06-2021","54.63","54.56","54.66","54.56","13.86K","0.24%"
"25-06-2021","54.51","54.79","54.79","54.46","12.01K","-0.25%"
"24-06-2021","54.64","54.67","54.69","54.63","29.47K","0.04%"
"23-06-2021","54.62","54.64","54.65","54.60","9.82K","0.07%"
"22-06-2021","54.58","54.78","54.78","54.54","13.42K","-0.12%"
"21-06-2021","54.64","54.65","54.65","54.55","12.65K","-0.18%"
"18-06-2021","54.74","54.72","54.80","54.68","17.38K","0.07%"
"17-06-2021","54.71","54.63","54.74","54.57","39.65K","0.32%"
"16-06-2021","54.53","54.73","54.76","54.53","9.02K","-0.31%"
"15-06-2021","54.70","54.64","54.72","54.63","24.50K","0.12%"
"14-06-2021","54.63","54.81","54.81","54.63","18.00K","-0.50%"
"11-06-2021","54.91","54.88","54.92","54.87","8.93K","0.20%"
"10-06-2021","54.80","54.56","54.80","54.56","14.59K","0.16%"
"09-06-2021","54.71","54.80","54.86","54.65","28.57K","0.17%"
"08-06-2021","54.62","54.62","54.66","54.61","13.64K","0.19%"
"07-06-2021","54.51","54.48","54.54","54.47","12.56K","-0.11%"
"04-06-2021","54.57","54.43","54.60","54.43","11.49K","0.25%"
"03-06-2021","54.44","54.75","54.75","54.43","15.10K","-0.16%"
"02-06-2021","54.52","54.47","54.59","54.47","29.92K","0.13%"
"01-06-2021","54.45","54.47","54.49","54.41","23.76K","-0.01%"
"28-05-2021","54.46","54.40","54.48","54.40","11.51K","0.07%"
"27-05-2021","54.42","54.42","54.44","54.40","12.47K","-0.17%"
"26-05-2021","54.51","54.57","54.57","54.48","8.06K","0.16%"
"25-05-2021","54.42","54.36","54.48","54.31","16.77K","0.22%"
"24-05-2021","54.30","54.24","54.33","54.17","17.02K","0.11%"
"21-05-2021","54.24","54.28","54.28","54.19","13.52K","0.20%"
"20-05-2021","54.13","54.11","54.16","54.10","8.46K","0.26%"
"19-05-2021","53.99","53.98","54.07","53.93","11.28K","-0.08%"
"18-05-2021","54.03","54.07","54.10","54.00","20.34K","-0.17%"
"17-05-2021","54.13","54.12","54.18","54.07","17.67K","-0.15%"
"14-05-2021","54.21","54.08","54.23","54.08","7.55K","0.12%"
"13-05-2021","54.14","54.14","54.17","54.11","9.32K","0.09%"
"12-05-2021","54.09","54.23","54.23","54.06","19.82K","-0.34%"
"11-05-2021","54.28","54.27","54.33","54.18","22.58K","-0.17%"
"10-05-2021","54.38","54.46","54.54","54.36","128.27K","-0.23%"
"07-05-2021","54.50","54.50","54.64","54.45","32.68K","-0.22%"
"06-05-2021","54.62","54.59","54.65","54.56","63.67K","-0.04%"
"05-05-2021","54.64","54.59","54.66","54.58","6.86K","0.03%"
"04-05-2021","54.63","54.64","54.68","54.59","14.39K","0.06%"
"03-05-2021","54.59","54.55","54.60","54.53","23.71K","0.11%"
"30-04-2021","54.53","54.56","54.56","54.49","24.34K","0.02%"
"29-04-2021","54.52","54.49","54.67","54.43","20.32K","-0.33%"
"28-04-2021","54.70","54.55","54.70","54.55","18.20K","0.09%"
"27-04-2021","54.65","54.72","54.73","54.65","26.17K","-0.14%"
"26-04-2021","54.72","54.78","54.79","54.72","21.76K","0.00%"
"23-04-2021","54.72","54.69","54.74","54.68","29.45K","-0.15%"
"22-04-2021","54.80","55.02","55.02","54.74","87.16K","-0.05%"
"21-04-2021","54.83","54.78","54.84","54.77","7.64K","0.19%"
"20-04-2021","54.73","54.63","54.75","54.63","5.26K","0.21%"
"19-04-2021","54.61","54.57","54.66","54.55","20.84K","-0.18%"
"16-04-2021","54.71","54.75","54.76","54.71","15.38K","-0.25%"
"15-04-2021","54.85","54.73","54.88","54.73","8.01K","0.35%"
"14-04-2021","54.66","54.75","54.76","54.63","15.85K","-0.27%"
"13-04-2021","54.81","54.72","54.85","54.70","40.03K","0.18%"
"12-04-2021","54.71","54.72","54.75","54.69","28.60K","-0.13%"
"09-04-2021","54.78","54.70","54.81","54.68","18.34K","-0.07%"
"08-04-2021","54.82","54.84","54.90","54.79","36.44K","0.07%"
"07-04-2021","54.78","54.99","54.99","54.76","24.51K","-0.25%"
"06-04-2021","54.92","54.80","54.94","54.80","20.85K","0.35%"
"05-04-2021","54.73","54.70","54.74","54.62","35.44K","-0.15%"
"01-04-2021","54.81","54.78","54.81","54.75","15.43K","0.27%"
"31-03-2021","54.67","54.68","54.71","54.65","15.55K","0.03%"
"30-03-2021","54.65","54.56","54.65","54.56","19.85K","0.00%"
"29-03-2021","54.65","54.76","54.76","54.63","17.00K","-0.27%"
"26-03-2021","54.80","54.78","54.83","54.75","24.61K","-0.16%"
"25-03-2021","54.89","54.86","54.91","54.86","14.34K","0.11%"
"24-03-2021","54.83","54.95","54.95","54.75","37.46K","0.09%"
"23-03-2021","54.78","54.72","54.78","54.71","9.81K","0.27%"
"22-03-2021","54.63","54.58","54.65","54.58","12.57K","0.14%"
"19-03-2021","54.56","54.53","54.57","54.52","19.44K","0.07%"
"18-03-2021","54.52","54.46","54.54","54.41","22.95K","-0.30%"
"17-03-2021","54.68","54.62","54.69","54.55","26.71K","-0.14%"
"16-03-2021","54.76","54.89","54.89","54.74","13.52K","-0.02%"
"15-03-2021","54.77","54.67","54.90","54.67","21.89K","0.18%"
"12-03-2021","54.67","54.73","54.73","54.59","56.96K","-0.38%"
"11-03-2021","54.88","54.88","54.93","54.87","19.69K","0.18%"
"10-03-2021","54.78","54.78","54.78","54.77","17.94K","0.00%"
"09-03-2021","54.78","54.77","54.78","54.72","22.17K","0.24%"
"08-03-2021","54.65","54.74","54.74","54.64","20.78K","-0.30%"
"05-03-2021","54.81","54.72","54.83","54.70","33.59K","0.13%"
"04-03-2021","54.74","54.86","54.90","54.71","25.35K","-0.26%"
"03-03-2021","54.89","55.12","55.12","54.86","21.49K","-0.40%"
"02-03-2021","55.11","55.00","55.11","55.00","12.74K","0.00%"
"01-03-2021","55.11","55.03","55.11","54.99","31.10K","0.40%"
"26-02-2021","54.89","54.69","54.89","54.69","28.20K","0.68%"
"25-02-2021","54.52","54.71","55.13","54.41","86.99K","-0.75%"
"24-02-2021","54.93","54.82","54.96","54.78","17.42K","-0.07%"
"23-02-2021","54.97","54.92","54.99","54.88","17.15K","0.00%"
"22-02-2021","54.97","55.06","55.33","54.96","68.29K","-0.17%"
"19-02-2021","55.06","55.09","55.10","55.04","24.62K","-0.26%"
"18-02-2021","55.21","55.15","55.22","55.12","24.64K","-0.09%"
"17-02-2021","55.26","55.19","55.28","55.19","17.07K","0.18%"
"16-02-2021","55.16","55.50","55.50","55.16","25.99K","-0.63%"
"12-02-2021","55.51","55.54","55.56","55.51","15.49K","-0.32%"
"11-02-2021","55.69","55.72","55.72","55.69","15.35K","0.11%"
"10-02-2021","55.63","55.74","55.74","55.62","10.94K","-0.14%"
"09-02-2021","55.71","55.71","55.74","55.67","23.87K","0.01%"
"08-02-2021","55.70","55.67","55.73","55.60","22.12K","-0.03%"
"05-02-2021","55.72","55.72","55.76","55.68","42.68K","-0.08%"
"04-02-2021","55.76","55.75","55.76","55.70","16.72K","-0.01%"
"03-02-2021","55.77","55.83","55.83","55.70","25.39K","-0.10%"
"02-02-2021","55.82","55.88","55.90","55.82","33.94K","-0.25%"
"01-02-2021","55.96","55.91","55.96","55.85","23.50K","0.09%"
"29-01-2021","55.91","55.84","55.92","55.83","17.24K","-0.06%"
"28-01-2021","55.94","56.02","56.03","55.88","21.72K","-0.08%"
"27-01-2021","55.99","56.06","56.09","55.99","44.18K","-0.11%"
"26-01-2021","56.05","56.07","56.10","56.03","40.74K","-0.18%"
"25-01-2021","56.15","56.13","56.15","56.02","96.73K","0.25%"
"22-01-2021","56.01","55.98","56.01","55.87","18.08K","0.38%"
"21-01-2021","55.80","55.95","55.95","55.79","18.60K","-0.45%"
"20-01-2021","56.05","56.09","56.09","55.95","30.29K","0.05%"
"19-01-2021","56.02","55.99","56.05","55.95","29.42K","-0.05%"
"15-01-2021","56.05","56.08","56.08","56.02","13.06K","-0.02%"
"14-01-2021","56.06","56.06","56.10","56.00","23.58K","0.00%"
"13-01-2021","56.06","56.00","56.06","55.94","17.63K","0.30%"
"12-01-2021","55.89","55.89","55.89","55.68","70.08K","-0.13%"
"11-01-2021","55.96","55.98","56.02","55.91","61.32K","-0.25%"
"08-01-2021","56.10","56.02","56.13","56.00","78.48K","0.00%"
"07-01-2021","56.10","56.09","56.10","56.01","15.88K","0.02%"
"06-01-2021","56.09","56.13","56.13","56.03","22.33K","-0.34%"
"05-01-2021","56.28","56.31","56.31","56.24","35.97K","-0.05%"
"04-01-2021","56.31","56.29","56.32","56.19","42.79K","0.11%"
"31-12-2020","56.25","56.24","56.25","56.11","16.07K","0.11%"
"30-12-2020","56.19","56.20","56.21","56.06","16.03K","0.09%"
"29-12-2020","56.14","56.12","56.20","56.06","39.88K","0.11%"
"28-12-2020","56.08","56.10","56.15","56.04","29.53K","-0.06%"
"24-12-2020","56.11","56.09","56.12","56.03","7.27K","0.14%"
"23-12-2020","56.03","56.05","56.10","56.00","21.17K","-0.30%"
"22-12-2020","56.20","56.10","56.22","56.10","31.94K","0.11%"
"21-12-2020","56.14","56.14","56.20","56.05","45.34K","0.02%"
"18-12-2020","56.13","56.14","56.15","56.07","45.25K","0.10%"
"17-12-2020","56.08","56.21","56.21","56.01","33.11K","-0.08%"
"16-12-2020","56.12","56.08","56.13","56.01","20.46K","-0.21%"
"15-12-2020","56.24","56.24","56.30","56.19","26.08K","-0.02%"
"14-12-2020","56.25","56.23","56.26","56.16","20.81K","-0.14%"
"11-12-2020","56.33","56.31","56.34","56.25","28.55K","0.18%"
"10-12-2020","56.23","56.14","56.23","56.13","9.31K","0.11%"
"09-12-2020","56.17","56.07","56.17","56.06","16.39K","-0.04%"
"08-12-2020","56.19","56.18","56.20","56.13","14.31K","0.16%"
"07-12-2020","56.10","56.10","56.13","56.06","22.27K","0.12%"
"04-12-2020","56.03","56.01","56.03","55.98","10.35K","0.00%"
"03-12-2020","56.03","55.98","56.04","55.95","20.52K","0.21%"
"02-12-2020","55.91","55.89","55.94","55.81","27.70K","0.20%"
"01-12-2020","55.80","55.98","55.98","55.79","47.58K","-0.48%"
"30-11-2020","56.07","56.11","56.11","56.00","13.67K","-0.05%"
"27-11-2020","56.10","56.08","56.10","55.99","8.29K","0.14%"
"25-11-2020","56.02","56.03","56.05","55.93","13.58K","0.00%"
"24-11-2020","56.02","56.03","56.06","55.98","24.89K","-0.02%"
"23-11-2020","56.03","56.05","56.07","55.98","35.45K","-0.16%"
"20-11-2020","56.12","56.07","56.12","56.01","31.18K","0.21%"
"19-11-2020","56.00","56.03","56.04","56.00","17.83K","0.09%"
"18-11-2020","55.95","55.98","55.98","55.90","32.32K","-0.04%"
"17-11-2020","55.97","55.89","55.97","55.89","9.77K","0.21%"
"16-11-2020","55.85","55.83","55.88","55.80","18.23K","0.00%"
"13-11-2020","55.85","55.90","55.90","55.77","13.60K","0.04%"
"12-11-2020","55.83","55.69","55.84","55.69","13.92K","0.34%"
"11-11-2020","55.64","55.61","55.67","55.56","20.76K","0.21%"
"10-11-2020","55.52","55.55","55.57","55.44","31.17K","-0.09%"
"09-11-2020","55.57","55.72","55.72","55.54","17.45K","-0.59%"
"06-11-2020","55.90","55.93","55.93","55.85","5.56K","-0.16%"
"05-11-2020","55.99","55.85","55.99","55.80","21.89K","0.18%"
"04-11-2020","55.89","55.92","55.94","55.87","15.92K","0.16%"
"03-11-2020","55.80","55.78","55.80","55.71","11.38K","0.07%"
"02-11-2020","55.76","55.78","55.78","55.67","14.17K","-0.25%"
"30-10-2020","55.90","55.92","55.92","55.85","23.69K","-0.14%"
"29-10-2020","55.98","55.95","56.03","55.95","16.21K","0.07%"
"28-10-2020","55.94","56.02","56.02","55.84","13.19K","-0.11%"
"27-10-2020","56.00","55.82","56.01","55.82","19.12K","0.21%"
"26-10-2020","55.88","55.87","55.90","55.84","28.64K","0.00%"
"23-10-2020","55.88","55.78","55.88","55.75","40.29K","0.18%"
"22-10-2020","55.78","55.82","55.82","55.77","117.17K","-0.13%"
"21-10-2020","55.85","55.91","55.91","55.81","12.49K","-0.10%"
"20-10-2020","55.91","56.00","56.00","55.88","5.43K","-0.08%"
"19-10-2020","55.95","55.96","55.98","55.94","27.79K","-0.02%"
"16-10-2020","55.97","56.00","56.02","55.95","6.07K","-0.01%"
"15-10-2020","55.97","55.99","56.00","55.97","8.70K","0.17%"
"14-10-2020","55.88","55.94","55.94","55.80","8.78K","0.17%"
"13-10-2020","55.78","55.78","55.81","55.75","14.93K","0.15%"
"12-10-2020","55.69","55.77","55.77","55.68","12.98K","0.01%"
"09-10-2020","55.69","55.74","55.76","55.65","11.60K","0.14%"
"08-10-2020","55.61","55.63","55.68","55.60","24.14K","0.09%"
"07-10-2020","55.56","55.62","55.62","55.45","36.43K","-0.04%"
"06-10-2020","55.58","55.61","55.62","55.58","6.65K","0.06%"
"05-10-2020","55.55","55.58","55.58","55.50","22.31K","-0.15%"
"02-10-2020","55.63","55.68","55.70","55.53","18.48K","-0.03%"
"01-10-2020","55.65","55.55","55.67","55.52","30.48K","0.11%"
"30-09-2020","55.59","55.58","55.60","55.56","17.73K","-0.11%"
"29-09-2020","55.65","55.68","55.68","55.58","34.72K","0.20%"
"28-09-2020","55.54","55.61","55.61","55.53","10.16K","-0.08%"
"25-09-2020","55.58","55.61","55.61","55.49","13.39K","0.17%"
"24-09-2020","55.49","55.43","55.55","55.43","5.50K","0.09%"
"23-09-2020","55.44","55.61","55.62","55.43","13.01K","-0.34%"
"22-09-2020","55.63","55.48","55.63","55.48","11.06K","-0.02%"
"21-09-2020","55.64","55.54","55.70","55.53","9.76K","0.14%"
"18-09-2020","55.56","55.65","55.65","55.55","6.50K","-0.04%"
"17-09-2020","55.58","55.67","55.67","55.56","7.73K","0.14%"
"16-09-2020","55.51","55.56","55.61","55.50","7.12K","-0.03%"
"15-09-2020","55.52","55.50","55.53","55.50","8.83K","0.03%"
"14-09-2020","55.51","55.56","55.56","55.51","6.73K","0.04%"
"11-09-2020","55.48","55.31","55.48","55.31","3.61K","0.16%"
"10-09-2020","55.39","55.33","55.41","55.24","7.18K","0.00%"
"09-09-2020","55.39","55.53","55.53","55.33","8.67K","-0.10%"
"08-09-2020","55.45","55.36","55.51","55.36","6.26K","0.21%"
"04-09-2020","55.33","55.40","55.44","55.33","10.30K","-0.34%"
"03-09-2020","55.52","55.55","55.56","55.49","7.30K","0.15%"
"02-09-2020","55.44","55.44","55.47","55.39","3.77K","0.22%"
"01-09-2020","55.32","55.02","55.33","55.02","22.14K","0.33%"
"31-08-2020","55.14","55.17","55.17","55.10","23.55K","-0.14%"
"28-08-2020","55.22","55.15","55.23","55.15","22.06K","0.14%"